old,new
e0145,0001
e0170,0002
e0171,0003
e0172,0004
e0193,0005
e0194,0006
e0195,0007
e0198,0008
e0203,0009
e0207,0010
e0146,0011
e0147,0012
e0151,0013
e0162,0014
e0163,0015
e0164,0016
e0165,0017
e0166,0018
e0167,0019
e0168,0020
e0173,0021
e0174,0022
e0175,0023
e0176,0024
e0177,0025
e0185,0026
e0186,0027
e0196,0028
e0199,0029
e0200,0030
e0201,0031
e0208,0032
e0209,0033
e0210,0034
e0148,0035
e0169,0036
e0178,0037
e0179,0038
e0180,0039
e0187,0040
e0188,0041
e0189,0042
e0190,0043
e0204,0044
e0205,0045
e0206,0046
e0211,0047
e0212,0048
e0213,0049
e0149,0050
e0150,0051
e0152,0052
e0153,0053
e0154,0054
e0155,0055
e0156,0056
e0157,0057
e0158,0058
e0160,0059
e0161,0060
e0181,0061
e0182,0062
e0191,0063
e0192,0064
e0197,0065
e0202,0066
e0214,0067
e0215,0068
e0159,0069
e0183,0070
e0184,0071
e0229,0072
e0235,0073
e0236,0074
e0250,0075
e0251,0076
e0256,0077
e0257,0078
e0216,0079
e0217,0080
e0218,0081
e0258,0082
e0259,0083
e0260,0084
e0261,0085
e0262,0086
e0263,0087
e0264,0088
e0278,0089
e0279,0090
e0284,0091
e0287,0092
e0297,0093
e0298,0094
e0300,0095
e0301,0096
e0219,0097
e0220,0098
e0221,0099
e0222,0100
e0223,0101
e0230,0102
e0237,0103
e0238,0104
e0244,0105
e0245,0106
e0252,0107
e0265,0108
e0266,0109
e0267,0110
e0268,0111
e0269,0112
e0270,0113
e0271,0114
e0283,0115
e0285,0116
e0286,0117
e0288,0118
e0289,0119
e0290,0120
e0291,0121
e0299,0122
e0302,0123
e0303,0124
e0304,0125
e0305,0126
e0224,0127
e0225,0128
e0226,0129
e0231,0130
e0232,0131
e0233,0132
e0239,0133
e0240,0134
e0246,0135
e0247,0136
e0248,0137
e0249,0138
e0253,0139
e0272,0140
e0273,0141
e0274,0142
e0275,0143
e0280,0144
e0281,0145
e0292,0146
e0293,0147
e0294,0148
e0306,0149
e0307,0150
e0308,0151
e0309,0152
e0310,0153
e0311,0154
e0056,0155
e0110,0156
e0227,0157
e0228,0158
e0234,0159
e0241,0160
e0242,0161
e0243,0162
e0254,0163
e0255,0164
e0276,0165
e0277,0166
e0282,0167
e0295,0168
e0296,0169
e0312,0170
e0313,0171
e0314,0172
e0051,0173
e0057,0174
e0058,0175
e0067,0176
e0068,0177
e0069,0178
e0079,0179
e0080,0180
e0081,0181
e0102,0182
e0103,0183
e0111,0184
e0112,0185
e0130,0186
e0131,0187
e0132,0188
e0038,0189
e0052,0190
e0053,0191
e0059,0192
e0060,0193
e0070,0194
e0071,0195
e0072,0196
e0082,0197
e0086,0198
e0087,0199
e0088,0200
e0089,0201
e0098,0202
e0099,0203
e0104,0204
e0133,0205
e0134,0206
e0135,0207
e0136,0208
e0039,0209
e0061,0210
e0062,0211
e0063,0212
e0073,0213
e0090,0214
e0100,0215
e0105,0216
e0113,0217
e0114,0218
e0117,0219
e0137,0220
e0040,0221
e0041,0222
e0042,0223
e0043,0224
e0047,0225
e0048,0226
e0049,0227
e0054,0228
e0064,0229
e0074,0230
e0075,0231
e0083,0232
e0084,0233
e0091,0234
e0106,0235
e0115,0236
e0116,0237
e0118,0238
e0119,0239
e0120,0240
e0121,0241
e0122,0242
e0123,0243
e0138,0244
e0139,0245
e0140,0246
e0044,0247
e0045,0248
e0046,0249
e0050,0250
e0065,0251
e0066,0252
e0076,0253
e0077,0254
e0085,0255
e0092,0256
e0093,0257
e0094,0258
e0095,0259
e0101,0260
e0107,0261
e0108,0262
e0124,0263
e0125,0264
e0126,0265
e0127,0266
e0128,0267
e0141,0268
e0142,0269
e0143,0270
e0001,0271
e0002,0272
e0004,0273
e0005,0274
e0006,0275
e0007,0276
e0008,0277
e0009,0278
e0010,0279
e0011,0280
e0012,0281
e0013,0282
e0014,0283
e0015,0284
e0016,0285
e0017,0286
e0018,0287
e0020,0288
e0021,0289
e0022,0290
e0025,0291
e0026,0292
e0027,0293
e0028,0294
e0029,0295
e0030,0296
e0031,0297
e0032,0298
e0033,0299
e0034,0300
e0037,0301
e0055,0302
e0078,0303
e0096,0304
e0097,0305
e0109,0306
e0129,0307
e0144,0308
e0003,0309
e0019,0310
e0023,0311
e0024,0312
e0035,0313
e0036,0314
d0001,0315
d0002,0316
d0047,0317
d0082,0318
d0083,0319
d0084,0320
d0085,0321
d0086,0322
d0125,0323
d0126,0324
d0163,0325
d0164,0326
d0165,0327
d0003,0328
d0004,0329
d0005,0330
d0006,0331
d0007,0332
d0008,0333
d0009,0334
d0048,0335
d0049,0336
d0050,0337
d0051,0338
d0052,0339
d0053,0340
d0068,0341
d0069,0342
d0087,0343
d0088,0344
d0089,0345
d0120,0346
d0121,0347
d0122,0348
d0127,0349
d0128,0350
d0129,0351
d0130,0352
d0131,0353
d0132,0354
d0133,0355
d0134,0356
d0166,0357
d0167,0358
d0168,0359
d0169,0360
d0170,0361
d0010,0362
d0011,0363
d0012,0364
d0013,0365
d0014,0366
d0015,0367
d0016,0368
d0054,0369
d0055,0370
d0056,0371
d0057,0372
d0070,0373
d0071,0374
d0072,0375
d0090,0376
d0091,0377
d0092,0378
d0093,0379
d0094,0380
d0135,0381
d0136,0382
d0137,0383
d0138,0384
d0139,0385
d0171,0386
d0172,0387
d0173,0388
d0174,0389
d0017,0390
d0018,0391
d0019,0392
d0020,0393
d0021,0394
d0022,0395
d0023,0396
d0024,0397
d0025,0398
d0026,0399
d0027,0400
d0028,0401
d0029,0402
d0030,0403
d0031,0404
d0032,0405
d0033,0406
d0034,0407
d0035,0408
d0036,0409
d0037,0410
d0058,0411
d0059,0412
d0060,0413
d0073,0414
d0074,0415
d0075,0416
d0076,0417
d0077,0418
d0095,0419
d0096,0420
d0097,0421
d0098,0422
d0099,0423
d0100,0424
d0101,0425
d0102,0426
d0103,0427
d0104,0428
d0123,0429
d0124,0430
d0140,0431
d0141,0432
d0142,0433
d0143,0434
d0144,0435
d0145,0436
d0146,0437
d0175,0438
d0176,0439
d0177,0440
d0178,0441
d0179,0442
d0180,0443
d0038,0444
d0039,0445
d0040,0446
d0041,0447
d0042,0448
d0043,0449
d0044,0450
d0061,0451
d0062,0452
d0063,0453
d0064,0454
d0065,0455
d0066,0456
d0078,0457
d0079,0458
d0080,0459
d0105,0460
d0106,0461
d0107,0462
d0108,0463
d0109,0464
d0110,0465
d0111,0466
d0112,0467
d0113,0468
d0114,0469
d0115,0470
d0116,0471
d0117,0472
d0118,0473
d0119,0474
d0147,0475
d0148,0476
d0149,0477
d0150,0478
d0151,0479
d0152,0480
d0153,0481
d0154,0482
d0155,0483
d0156,0484
d0157,0485
d0158,0486
d0159,0487
d0160,0488
d0161,0489
d0162,0490
d0181,0491
d0182,0492
d0183,0493
d0184,0494
d0185,0495
d0186,0496
d0187,0497
d0188,0498
d0189,0499
d0190,0500
d0192,0501
d0193,0502
d0194,0503
d0045,0504
d0046,0505
d0067,0506
d0081,0507
d0191,0508
c0001,0509
c0158,0510
c0159,0511
c0160,0512
c0161,0513
c0162,0514
c0163,0515
c0164,0516
c0165,0517
c0166,0518
c0167,0519
c0168,0520
c0169,0521
c0170,0522
c0171,0523
c0172,0524
c0173,0525
c0174,0526
c0175,0527
c0176,0528
c0177,0529
c0178,0530
c0179,0531
c0180,0532
c0181,0533
c0182,0534
c0183,0535
c0184,0536
c0185,0537
c0186,0538
c0187,0539
c0188,0540
c0189,0541
c0190,0542
c0191,0543
c0192,0544
c0193,0545
c0194,0546
c0195,0547
c0196,0548
c0197,0549
c0198,0550
c0199,0551
c0200,0552
c0201,0553
c0202,0554
c0203,0555
c0204,0556
c0205,0557
c0206,0558
c0207,0559
c0208,0560
c0209,0561
c0210,0562
c0211,0563
c0212,0564
c0213,0565
c0214,0566
c0215,0567
c0216,0568
c0217,0569
c0218,0570
c0219,0571
c0220,0572
c0221,0573
c0222,0574
c0223,0575
c0224,0576
c0225,0577
c0226,0578
c0002,0579
c0003,0580
c0004,0581
c0005,0582
c0006,0583
c0007,0584
c0008,0585
c0009,0586
c0010,0587
c0011,0588
c0012,0589
c0013,0590
c0014,0591
c0015,0592
c0016,0593
c0017,0594
c0018,0595
c0019,0596
c0020,0597
c0021,0598
c0022,0599
c0023,0600
c0024,0601
c0025,0602
c0026,0603
c0027,0604
c0028,0605
c0029,0606
c0030,0607
c0031,0608
c0032,0609
c0033,0610
c0034,0611
c0035,0612
c0036,0613
c0037,0614
c0038,0615
c0039,0616
c0040,0617
c0041,0618
c0042,0619
c0043,0620
c0044,0621
c0045,0622
c0046,0623
c0047,0624
c0048,0625
c0049,0626
c0050,0627
c0051,0628
c0052,0629
c0053,0630
c0054,0631
c0055,0632
c0056,0633
c0057,0634
c0058,0635
c0059,0636
c0060,0637
c0061,0638
c0062,0639
c0063,0640
c0064,0641
c0065,0642
c0227,0643
c0228,0644
c0229,0645
c0230,0646
c0231,0647
c0232,0648
c0233,0649
c0234,0650
c0235,0651
c0236,0652
c0237,0653
c0238,0654
c0239,0655
c0240,0656
c0241,0657
c0242,0658
c0243,0659
c0244,0660
c0245,0661
c0246,0662
c0247,0663
c0248,0664
c0249,0665
c0250,0666
c0251,0667
c0252,0668
c0253,0669
c0254,0670
c0255,0671
c0256,0672
c0066,0673
c0067,0674
c0068,0675
c0069,0676
c0070,0677
c0071,0678
c0072,0679
c0073,0680
c0074,0681
c0075,0682
c0076,0683
c0077,0684
c0078,0685
c0079,0686
c0080,0687
c0081,0688
c0082,0689
c0083,0690
c0084,0691
c0085,0692
c0086,0693
c0087,0694
c0088,0695
c0089,0696
c0090,0697
c0091,0698
c0092,0699
c0093,0700
c0094,0701
c0095,0702
c0096,0703
c0097,0704
c0098,0705
c0099,0706
c0100,0707
c0101,0708
c0102,0709
c0103,0710
c0104,0711
c0105,0712
c0106,0713
c0107,0714
c0108,0715
c0109,0716
c0110,0717
c0111,0718
c0112,0719
c0113,0720
c0114,0721
c0115,0722
c0116,0723
c0117,0724
c0118,0725
c0119,0726
c0120,0727
c0121,0728
c0122,0729
c0123,0730
c0124,0731
c0125,0732
c0126,0733
c0127,0734
c0128,0735
c0129,0736
c0130,0737
c0131,0738
c0132,0739
c0133,0740
c0134,0741
c0135,0742
c0136,0743
c0137,0744
c0138,0745
c0139,0746
c0140,0747
c0141,0748
c0142,0749
c0143,0750
c0144,0751
c0145,0752
c0146,0753
c0147,0754
c0148,0755
c0149,0756
b0001,0757
b0002,0758
b0003,0759
b0004,0760
b0005,0761
b0006,0762
b0007,0763
b0008,0764
b0009,0765
b0010,0766
b0011,0767
b0012,0768
b0013,0769
b0014,0770
b0015,0771
b0016,0772
b0017,0773
b0018,0774
b0019,0775
b0020,0776
b0021,0777
b0022,0778
b0023,0779
b0024,0780
b0025,0781
b0026,0782
b0027,0783
b0028,0784
b0029,0785
b0030,0786
b0031,0787
b0032,0788
b0033,0789
b0034,0790
b0035,0791
b0036,0792
b0037,0793
b0038,0794
b0039,0795
b0040,0796
b0041,0797
b0042,0798
b0043,0799
b0044,0800
b0045,0801
b0046,0802
b0047,0803
b0048,0804
b0049,0805
b0050,0806
b0051,0807
b0052,0808
b0053,0809
b0054,0810
b0055,0811
b0056,0812
b0057,0813
b0058,0814
b0059,0815
b0060,0816
b0061,0817
b0062,0818
b0063,0819
b0064,0820
b0065,0821
b0066,0822
b0067,0823
b0068,0824
b0069,0825
b0070,0826
c0150,0827
c0151,0828
c0152,0829
c0153,0830
c0154,0831
c0155,0832
c0156,0833
c0157,0834
b0071,0835
b0072,0836
b0073,0837
b0074,0838
b0075,0839
b0076,0840
b0077,0841
b0078,0842
b0079,0843
b0080,0844
b0081,0845
b0082,0846
b0083,0847
b0084,0848
b0085,0849
b0086,0850
b0087,0851
b0088,0852
b0089,0853
b0090,0854
b0091,0855
b0092,0856
b0093,0857
b0094,0858
b0095,0859
b0096,0860
b0097,0861
b0098,0862
b0099,0863
b0100,0864
b0101,0865
b0102,0866
b0103,0867
b0104,0868
b0105,0869
b0106,0870
b0107,0871
b0108,0872
b0109,0873
b0110,0874
b0111,0875
b0112,0876
b0113,0877
b0114,0878
b0115,0879
b0116,0880
b0117,0881
b0118,0882
b0119,0883
b0120,0884
b0121,0885
b0122,0886
b0123,0887
b0124,0888
b0125,0889
b0126,0890
b0127,0891
b0128,0892
b0129,0893
b0130,0894
b0131,0895
b0132,0896
b0133,0897
b0134,0898
b0135,0899
b0136,0900
b0137,0901
b0138,0902
b0139,0903
b0140,0904
b0141,0905
b0142,0906
b0143,0907
b0144,0908
b0145,0909
b0146,0910
b0147,0911
b0148,0912
b0149,0913
b0150,0914
b0151,0915
b0152,0916
b0153,0917
b0154,0918
b0155,0919
b0156,0920
b0157,0921
b0158,0922
b0159,0923
b0160,0924
b0161,0925
b0162,0926
b0163,0927
b0164,0928
b0165,0929
b0166,0930
b0167,0931
b0168,0932
b0169,0933
b0170,0934
b0171,0935
b0172,0936
b0173,0937
b0174,0938
b0175,0939
b0176,0940
b0177,0941
b0178,0942
b0179,0943
b0180,0944
b0181,0945
b0182,0946
b0183,0947
b0184,0948
b0185,0949
b0186,0950
b0187,0951
b0188,0952
b0189,0953
b0190,0954
b0191,0955
b0192,0956
b0193,0957
b0194,0958
b0195,0959
b0196,0960
b0197,0961
b0198,0962
b0199,0963
b0200,0964
b0201,0965
b0202,0966
b0203,0967
b0204,0968
b0205,0969
b0206,0970
b0207,0971
b0208,0972
b0209,0973
b0210,0974
b0211,0975
b0212,0976
b0213,0977
b0214,0978
b0215,0979
b0216,0980
b0217,0981
b0218,0982
b0219,0983
b0220,0984
b0221,0985
b0222,0986
b0223,0987
b0224,0988
b0225,0989
b0226,0990
b0227,0991
b0228,0992
b0229,0993
b0230,0994
b0231,0995
b0232,0996
b0233,0997
b0234,0998
b0235,0999
b0236,1000
b0237,1001
b0238,1002
b0239,1003
b0240,1004
b0241,1005
b0242,1006
b0243,1007
b0244,1008
b0245,1009
b0246,1010
b0247,1011
b0248,1012
b0249,1013
b0250,1014
b0251,1015
b0252,1016
b0253,1017
b0254,1018
b0255,1019
b0256,1020
b0257,1021
b0258,1022
b0259,1023
b0260,1024
b0261,1025
b0262,1026
b0263,1027
b0264,1028
b0265,1029
b0266,1030
b0267,1031
b0268,1032
b0269,1033
b0270,1034
b0271,1035
b0272,1036
b0273,1037
b0274,1038
b0275,1039
b0276,1040
b0277,1041
b0278,1042
b0279,1043
b0280,1044
b0281,1045
b0282,1046
b0283,1047
b0284,1048
b0285,1049
b0286,1050
b0287,1051
b0288,1052
b0289,1053
b0290,1054
b0291,1055
b0292,1056
b0293,1057
b0294,1058
b0295,1059
b0296,1060
b0297,1061
b0298,1062
b0299,1063
b0300,1064
b0301,1065
b0302,1066
b0303,1067
b0304,1068
b0305,1069
b0306,1070
b0307,1071
b0308,1072
b0309,1073
b0310,1074
b0311,1075
b0312,1076
b0313,1077
b0314,1078
b0315,1079
b0316,1080
b0317,1081
b0318,1082
b0319,1083
b0320,1084
b0321,1085
b0322,1086
b0323,1087
b0324,1088
b0325,1089
b0326,1090
b0327,1091
b0328,1092
b0329,1093
b0330,1094
b0331,1095
b0332,1096
b0333,1097
b0334,1098
b0335,1099
b0336,1100
b0337,1101
b0338,1102
b0339,1103
b0340,1104
b0341,1105
b0342,1106
b0343,1107
b0344,1108
b0345,1109
b0346,1110
b0347,1111
b0348,1112
b0349,1113
b0350,1114
b0351,1115
b0352,1116
b0353,1117
b0354,1118
b0355,1119
b0356,1120
b0357,1121
b0358,1122
b0359,1123
b0360,1124
b0361,1125
b0362,1126
b0363,1127
b0364,1128
b0365,1129
b0366,1130
b0367,1131
b0368,1132
b0369,1133
b0370,1134
b0371,1135
b0372,1136
b0373,1137
b0374,1138
b0375,1139
b0376,1140
b0377,1141
b0378,1142
b0379,1143
b0380,1144
b0381,1145
b0382,1146
b0383,1147
b0384,1148
b0385,1149
b0386,1150
b0387,1151
b0388,1152
b0389,1153
b0390,1154
b0391,1155
b0392,1156
b0393,1157
b0394,1158
b0395,1159
b0396,1160
b0397,1161
b0398,1162
b0399,1163
b0400,1164
b0401,1165
b0402,1166
b0403,1167
b0404,1168
b0405,1169
b0406,1170
b0407,1171
b0408,1172
b0409,1173
b0410,1174
b0411,1175
b0412,1176
b0413,1177
b0414,1178
b0415,1179
b0416,1180
b0417,1181
b0418,1182
b0419,1183
b0420,1184
b0421,1185
b0422,1186
b0423,1187
b0424,1188
b0425,1189
b0426,1190
b0427,1191
b0428,1192
b0429,1193
b0430,1194
b0431,1195
b0432,1196
b0433,1197
b0434,1198
b0435,1199
b0436,1200
b0437,1201
b0438,1202
b0439,1203
b0440,1204
b0441,1205
b0442,1206
b0443,1207
b0444,1208
b0445,1209
b0446,1210
b0447,1211
b0448,1212
b0449,1213
b0450,1214
b0451,1215
b0452,1216
b0453,1217
b0454,1218
b0455,1219
b0456,1220
b0457,1221
b0458,1222
b0459,1223
b0460,1224
b0461,1225
b0462,1226
b0463,1227
b0464,1228
b0465,1229
b0466,1230
b0467,1231
b0468,1232
b0469,1233
b0470,1234
b0471,1235
b0472,1236
b0473,1237
b0474,1238
b0475,1239
b0476,1240
b0477,1241
b0478,1242
b0479,1243
b0480,1244
b0481,1245
b0482,1246
b0483,1247
b0484,1248
b0485,1249
b0486,1250
b0487,1251
b0488,1252
b0489,1253
b0490,1254
b0491,1255
b0492,1256
b0493,1257
b0494,1258
b0495,1259
b0496,1260
b0497,1261
b0498,1262
b0499,1263
b0500,1264
b0501,1265
b0502,1266
b0503,1267
b0504,1268
b0505,1269
b0506,1270
b0507,1271
b0508,1272
b0509,1273
b0510,1274
b0511,1275
b0512,1276
b0513,1277
b0514,1278
b0515,1279
b0516,1280
b0517,1281
b0518,1282
b0519,1283
b0520,1284
b0521,1285
b0522,1286
b0523,1287
b0524,1288
b0525,1289
b0526,1290
b0527,1291
b0528,1292
b0529,1293
b0530,1294
b0531,1295
b0532,1296
b0533,1297
b0534,1298
b0535,1299
b0536,1300
b0537,1301
b0538,1302
b0539,1303
b0540,1304
b0541,1305
b0542,1306
b0543,1307
b0544,1308
b0545,1309
b0546,1310
b0547,1311
b0548,1312
b0549,1313
b0550,1314
b0551,1315
b0552,1316
b0553,1317
b0554,1318
b0555,1319
b0556,1320
b0557,1321
b0558,1322
b0559,1323
b0560,1324
b0561,1325
b0562,1326
b0563,1327
b0564,1328
b0565,1329
b0566,1330
b0567,1331
b0568,1332
b0569,1333
b0570,1334
b0571,1335
b0572,1336
b0573,1337
b0574,1338
b0575,1339
b0576,1340
b0577,1341
b0578,1342
b0579,1343
b0580,1344
b0581,1345
b0582,1346
b0583,1347
b0584,1348
b0585,1349
b0586,1350
b0587,1351
b0588,1352
b0589,1353
b0590,1354
b0591,1355
b0592,1356
b0593,1357
b0594,1358
b0595,1359
b0596,1360
b0597,1361
b0598,1362
b0599,1363
b0600,1364
b0601,1365
b0602,1366
b0603,1367
b0604,1368
b0605,1369
b0606,1370
b0607,1371
b0608,1372
b0609,1373
b0610,1374
b0611,1375
b0612,1376
b0613,1377
b0614,1378
b0615,1379
b0616,1380
b0617,1381
b0618,1382
b0619,1383
b0620,1384
b0621,1385
b0622,1386
b0623,1387
b0624,1388
b0625,1389
b0626,1390
b0627,1391
b0628,1392
b0629,1393
b0630,1394
b0631,1395
b0632,1396
b0633,1397
b0634,1398
b0635,1399
b0636,1400
b0637,1401
b0638,1402
b0639,1403
b0640,1404
b0641,1405
b0642,1406
b0643,1407
b0644,1408
b0645,1409
b0646,1410
b0647,1411
b0648,1412
b0649,1413
b0650,1414
b0651,1415
b0652,1416
b0653,1417
b0654,1418
b0655,1419
b0656,1420
b0657,1421
b0658,1422
b0659,1423
b0660,1424
b0661,1425
b0662,1426
b0663,1427
b0664,1428
b0665,1429
b0666,1430
b0667,1431
b0668,1432
b0669,1433
b0670,1434
b0671,1435
b0672,1436
b0673,1437
b0674,1438
b0675,1439
b0676,1440
b0677,1441
b0678,1442
b0679,1443
b0680,1444
b0681,1445
b0682,1446
b0683,1447
b0684,1448
b0685,1449
b0686,1450
b0687,1451
b0688,1452
b0689,1453
b0690,1454
b0691,1455
b0692,1456
b0693,1457
b0694,1458
b0695,1459
b0696,1460
b0697,1461
b0698,1462
b0699,1463
b0700,1464
b0701,1465
b0702,1466
b0703,1467
b0704,1468
b0705,1469
b0706,1470
b0707,1471
b0708,1472
b0709,1473
b0710,1474
b0711,1475
b0712,1476
b0713,1477
b0714,1478
b0715,1479
b0716,1480
b0717,1481
b0718,1482
b0719,1483
b0720,1484
b0721,1485
b0722,1486
b0723,1487
b0724,1488
b0725,1489
b0726,1490
b0727,1491
b0728,1492
b0729,1493
b0730,1494
b0731,1495
b0732,1496
b0733,1497
b0734,1498
b0735,1499
b0736,1500
b0737,1501
b0738,1502
b0739,1503
b0740,1504
b0741,1505
b0742,1506
b0743,1507
b0744,1508
b0745,1509
b0746,1510
b0747,1511
b0748,1512
b0749,1513
b0750,1514
b0751,1515
b0752,1516
b0753,1517
b0754,1518
b0755,1519
b0756,1520
b0757,1521
b0758,1522
b0759,1523
b0760,1524
b0761,1525
b0762,1526
b0763,1527
b0764,1528
b0765,1529
b0766,1530
b0767,1531
b0768,1532
b0769,1533
b0770,1534
b0771,1535
b0772,1536
b0773,1537
b0774,1538
b0775,1539
b0776,1540
b0777,1541
b0778,1542
b0779,1543
b0780,1544
b0781,1545
b0782,1546
b0783,1547
b0784,1548
b0785,1549
b0786,1550
b0787,1551
b0788,1552
b0789,1553
b0790,1554
b0791,1555
b0792,1556
b0793,1557
b0794,1558
b0795,1559
b0796,1560
b0797,1561
b0798,1562
b0799,1563
b0800,1564
b0801,1565
b0802,1566
b0803,1567
b0804,1568
b0805,1569
b0806,1570
b0807,1571
b0808,1572
b0809,1573
b0810,1574
b0811,1575
b0812,1576
b0813,1577
b0814,1578
b0815,1579
b0816,1580
b0817,1581
b0818,1582
b0819,1583
b0820,1584
b0821,1585
b0822,1586
b0823,1587
b0824,1588
b0825,1589
b0826,1590
b0827,1591
b0828,1592
b0829,1593
b0830,1594
b0831,1595
b0832,1596
b0833,1597
b0834,1598
b0835,1599
b0836,1600
b0837,1601
b0838,1602
b0839,1603
b0840,1604
b0841,1605
b0842,1606
b0843,1607
b0844,1608
b0845,1609
b0846,1610
b0847,1611
b0848,1612
b0849,1613
b0850,1614
b0851,1615
b0852,1616
b0853,1617
b0854,1618
b0855,1619
b0856,1620
b0857,1621
b0858,1622
b0859,1623
b0860,1624
b0861,1625
b0862,1626
b0863,1627
b0864,1628
b0865,1629
b0866,1630
b0867,1631
b0868,1632
b0869,1633
b0870,1634
a0001,1635
a0002,1636
a0003,1637
a0004,1638
a0005,1639
a0006,1640
a0007,1641
a0008,1642
a0009,1643
a0010,1644
b0871,1645
b0872,1646
b0873,1647
b0874,1648
b0875,1649
b0876,1650
b0877,1651
b0878,1652
b0879,1653
b0880,1654
b0881,1655
b0882,1656
b0883,1657
b0884,1658
b0885,1659
b0886,1660
b0887,1661
b0888,1662
b0889,1663
b0890,1664
b0891,1665
b0892,1666
b0893,1667
b0894,1668
b0895,1669
b0896,1670
b0897,1671
b0898,1672
b0899,1673
b0900,1674
b0901,1675
b0902,1676
b0903,1677
b0904,1678
b0905,1679
b0906,1680
b0907,1681
b0908,1682
b0909,1683
b0910,1684
b0911,1685
b0912,1686
b0913,1687
b0914,1688
b0915,1689
b0916,1690
b0917,1691
b0918,1692
b0919,1693
b0920,1694
b0921,1695
b0922,1696
b0923,1697
b0924,1698
b0925,1699
b0926,1700
b0927,1701
b0928,1702
b0929,1703
b0930,1704
b0931,1705
b0932,1706
b0933,1707
b0934,1708
b0935,1709
b0936,1710
b0937,1711
b0938,1712
b0939,1713
b0940,1714
b0941,1715
b0942,1716
b0943,1717
b0944,1718
b0945,1719
b0946,1720
b0947,1721
b0948,1722
b0949,1723
b0950,1724
b0951,1725
b0952,1726
b0953,1727
b0954,1728
b0955,1729
b0956,1730
b0957,1731
b0958,1732
b0959,1733
b0960,1734
b0961,1735
b0962,1736
b0963,1737
b0964,1738
b0965,1739
b0966,1740
b0967,1741
b0968,1742
b0969,1743
b0970,1744
b0971,1745
b0972,1746
b0973,1747
b0974,1748
b0975,1749
b0976,1750
b0977,1751
b0978,1752
b0979,1753
b0980,1754
b0981,1755
b0982,1756
b0983,1757
b0984,1758
b0985,1759
b0986,1760
b0987,1761
b0988,1762
b0989,1763
b0990,1764
b0991,1765
b0992,1766
b0993,1767
b0994,1768
b0995,1769
b0996,1770
b0997,1771
b0998,1772
b0999,1773
b1000,1774
b1001,1775
b1002,1776
b1003,1777
b1004,1778
b1005,1779
b1006,1780
b1007,1781
b1008,1782
b1009,1783
b1010,1784
b1011,1785
a0011,1786
a0012,1787
a0013,1788
a0014,1789
a0015,1790
a0016,1791
a0017,1792
a0018,1793
a0019,1794
a0020,1795
a0021,1796
a0022,1797
a0023,1798
a0024,1799
a0025,1800
a0026,1801
a0027,1802
a0028,1803
a0029,1804
a0030,1805
a0031,1806
a0032,1807
a0033,1808
a0034,1809
b1012,1810
b1013,1811
b1014,1812
b1015,1813
b1016,1814
b1017,1815
b1018,1816
b1019,1817
b1020,1818
b1021,1819
b1022,1820
b1023,1821
b1024,1822
b1025,1823
b1026,1824
b1027,1825
b1028,1826
b1029,1827
b1030,1828
b1031,1829
b1032,1830
b1033,1831
b1034,1832
b1035,1833
b1036,1834
b1037,1835
b1038,1836
b1039,1837
b1040,1838
b1041,1839
b1042,1840
b1043,1841
b1044,1842
b1045,1843
b1046,1844
b1047,1845
b1048,1846
b1049,1847
b1050,1848
b1051,1849
b1052,1850
b1053,1851
b1054,1852
b1055,1853
b1056,1854
b1057,1855
b1058,1856
b1059,1857
b1060,1858
b1061,1859
b1062,1860
b1063,1861
b1064,1862
b1065,1863
b1066,1864
b1067,1865
b1068,1866
b1069,1867
b1070,1868
b1071,1869
b1072,1870
b1073,1871
b1074,1872
b1075,1873
b1076,1874
b1077,1875
b1078,1876
b1079,1877
b1080,1878
b1081,1879
b1082,1880
b1083,1881
b1084,1882
b1085,1883
b1086,1884
b1087,1885
b1088,1886
b1089,1887
b1090,1888
b1091,1889
b1092,1890
b1093,1891
b1094,1892
b1095,1893
b1096,1894
b1097,1895
b1098,1896
b1099,1897
b1100,1898
b1101,1899
b1102,1900
b1103,1901
b1104,1902
b1105,1903
b1106,1904
b1107,1905
b1108,1906
b1109,1907
b1110,1908
b1111,1909
b1112,1910
b1113,1911
b1114,1912
b1115,1913
b1116,1914
b1117,1915
b1118,1916
b1119,1917
b1120,1918
b1121,1919
b1122,1920
b1123,1921
b1124,1922
b1125,1923
b1126,1924
b1127,1925
b1128,1926
b1129,1927
b1130,1928
b1131,1929
b1132,1930
b1133,1931
b1134,1932
b1135,1933
b1136,1934
b1137,1935
b1138,1936
b1139,1937
b1140,1938
b1141,1939
b1142,1940
b1143,1941
b1144,1942
b1145,1943
b1146,1944
b1147,1945
b1148,1946
b1149,1947
b1150,1948
b1151,1949
b1152,1950
b1153,1951
b1154,1952
b1155,1953
b1156,1954
b1157,1955
b1158,1956
b1159,1957
b1160,1958
b1161,1959
b1162,1960
b1163,1961
b1164,1962
a0035,1963
a0036,1964
a0037,1965
a0038,1966
a0039,1967
a0040,1968
a0041,1969
a0042,1970
a0043,1971
a0044,1972
a0045,1973
a0046,1974
a0047,1975
a0048,1976
a0049,1977
a0050,1978
a0051,1979
a0052,1980
a0053,1981
a0054,1982
a0055,1983
a0056,1984
a0057,1985
a0058,1986
a0059,1987
a0060,1988
a0061,1989
a0062,1990
a0063,1991
b1165,1992
b1166,1993
b1167,1994
b1168,1995
b1169,1996
b1170,1997
b1171,1998
b1172,1999
b1173,2000
b1174,2001
b1175,2002
b1176,2003
b1177,2004
b1178,2005
b1179,2006
b1180,2007
b1181,2008
b1182,2009
b1183,2010
b1184,2011
b1185,2012
b1186,2013
b1187,2014
b1188,2015
b1189,2016
b1190,2017
b1191,2018
b1192,2019
b1193,2020
b1194,2021
b1195,2022
b1196,2023
b1197,2024
b1198,2025
b1199,2026
b1200,2027
b1201,2028
b1202,2029
b1203,2030
b1204,2031
b1205,2032
b1206,2033
b1207,2034
b1208,2035
b1209,2036
b1210,2037
b1211,2038
b1212,2039
b1213,2040
b1214,2041
b1215,2042
b1216,2043
b1217,2044
b1218,2045
b1219,2046
b1220,2047
b1221,2048
b1222,2049
b1223,2050
b1224,2051
b1225,2052
b1226,2053
b1227,2054
b1228,2055
b1229,2056
b1230,2057
b1231,2058
b1232,2059
b1233,2060
b1234,2061
b1235,2062
b1236,2063
b1237,2064
b1238,2065
b1239,2066
b1240,2067
b1241,2068
b1242,2069
b1243,2070
b1244,2071
b1245,2072
b1246,2073
b1247,2074
b1248,2075
b1249,2076
b1250,2077
b1251,2078
b1252,2079
b1253,2080
b1254,2081
b1255,2082
b1256,2083
b1257,2084
b1258,2085
b1259,2086
b1260,2087
b1261,2088
b1262,2089
b1263,2090
b1264,2091
b1265,2092
b1266,2093
b1267,2094
b1268,2095
b1269,2096
b1270,2097
b1271,2098
b1272,2099
b1273,2100
b1274,2101
b1275,2102
b1276,2103
b1277,2104
b1278,2105
b1279,2106
b1280,2107
b1281,2108
b1282,2109
b1283,2110
b1284,2111
b1285,2112
b1286,2113
b1287,2114
b1288,2115
b1289,2116
b1290,2117
b1291,2118
b1292,2119
b1293,2120
b1294,2121
b1295,2122
b1296,2123
b1297,2124
b1298,2125
b1299,2126
b1300,2127
b1301,2128
b1302,2129
b1303,2130
a0064,2131
a0065,2132
a0066,2133
a0067,2134
a0068,2135
a0069,2136
a0070,2137
a0071,2138
a0072,2139
a0073,2140
a0074,2141
a0075,2142
a0076,2143
a0077,2144
a0078,2145
a0079,2146
a0080,2147
a0081,2148
a0082,2149
a0083,2150
a0084,2151
a0085,2152
a0086,2153
a0087,2154
a0088,2155
a0089,2156
a0090,2157
a0091,2158
a0092,2159
b1304,2160
b1305,2161
b1306,2162
b1307,2163
b1308,2164
b1309,2165
b1310,2166
b1311,2167
b1312,2168
b1313,2169
b1314,2170
b1315,2171
b1316,2172
b1317,2173
b1318,2174
b1319,2175
b1320,2176
b1321,2177
b1322,2178
b1323,2179
b1324,2180
b1325,2181
b1326,2182
b1327,2183
b1328,2184
b1329,2185
b1330,2186
b1331,2187
b1332,2188
b1333,2189
b1334,2190
b1335,2191
b1336,2192
b1337,2193
b1338,2194
b1339,2195
b1340,2196
b1341,2197
b1342,2198
b1343,2199
b1344,2200
b1345,2201
b1346,2202
b1347,2203
b1348,2204
b1349,2205
b1350,2206
b1351,2207
b1352,2208
b1353,2209
b1354,2210
b1355,2211
b1356,2212
b1357,2213
b1358,2214
b1359,2215
b1360,2216
b1361,2217
b1362,2218
b1363,2219
b1364,2220
b1365,2221
b1366,2222
b1367,2223
b1368,2224
b1369,2225
b1370,2226
b1371,2227
b1372,2228
b1373,2229
b1374,2230
b1375,2231
b1376,2232
b1377,2233
b1378,2234
b1379,2235
b1380,2236
b1381,2237
b1382,2238
b1383,2239
b1384,2240
b1385,2241
b1386,2242
b1387,2243
b1388,2244
b1389,2245
b1390,2246
b1391,2247
b1392,2248
b1393,2249
b1394,2250
b1395,2251
b1396,2252
b1397,2253
b1398,2254
b1399,2255
b1400,2256
b1401,2257
b1402,2258
b1403,2259
b1404,2260
b1405,2261
b1406,2262
b1407,2263
b1408,2264
b1409,2265
b1410,2266
b1411,2267
b1412,2268
b1413,2269
b1414,2270
b1415,2271
b1416,2272
b1417,2273
b1418,2274
b1419,2275
b1420,2276
b1421,2277
b1422,2278
b1423,2279
b1424,2280
b1425,2281
b1426,2282
b1427,2283
b1428,2284
b1429,2285
b1430,2286
b1431,2287
b1432,2288
b1433,2289
b1434,2290
b1435,2291
b1436,2292
a0093,2293
a0094,2294
a0095,2295
a0096,2296
a0097,2297
a0098,2298
a0099,2299
a0100,2300
a0101,2301
a0102,2302
a0103,2303
a0104,2304
a0105,2305
a0106,2306
a0107,2307
a0108,2308
a0109,2309
a0110,2310
a0111,2311
a0112,2312
a0113,2313
a0114,2314
a0115,2315
a0116,2316
a0117,2317
a0118,2318
a0119,2319
a0120,2320
a0121,2321
a0122,2322
a0123,2323
a0124,2324
a0125,2325
a0126,2326
a0127,2327
a0128,2328
a0129,2329
a0130,2330
a0131,2331
a0132,2332
a0133,2333
a0134,2334
a0135,2335
a0136,2336
a0137,2337
a0138,2338
a0139,2339
a0140,2340
a0141,2341
a0142,2342
a0143,2343
a0144,2344
a0145,2345
a0146,2346
a0147,2347
a0148,2348
a0149,2349
a0150,2350
a0151,2351
a0152,2352
a0153,2353
a0154,2354
a0155,2355
a0156,2356
a0157,2357
a0158,2358
a0159,2359
a0160,2360
a0161,2361
a0162,2362
a0163,2363
a0164,2364
a0165,2365
a0166,2366
a0167,2367
a0168,2368
a0169,2369
a0170,2370
a0171,2371
a0172,2372
a0173,2373
a0174,2374
a0175,2375
a0176,2376
a0177,2377
a0178,2378
a0179,2379
a0180,2380
a0181,2381
a0182,2382
a0183,2383
a0184,2384
a0185,2385
a0186,2386
a0187,2387
a0188,2388
a0189,2389
a0190,2390
a0191,2391
a0192,2392
a0193,2393
a0194,2394
a0195,2395
a0196,2396
a0197,2397
a0198,2398
a0199,2399
a0200,2400
a0201,2401
a0202,2402
a0203,2403
a0204,2404
a0205,2405
a0206,2406
a0207,2407
a0208,2408
a0209,2409
a0210,2410
a0211,2411
a0212,2412
a0213,2413
a0214,2414
a0215,2415
a0216,2416
a0217,2417
b1437,2418
b1438,2419
b1439,2420
b1440,2421
b1441,2422
b1442,2423
b1443,2424
b1444,2425
b1445,2426
b1446,2427
b1447,2428
b1448,2429
b1449,2430
b1450,2431
b1451,2432
b1452,2433
b1453,2434
b1454,2435
b1455,2436
b1456,2437
b1457,2438
b1458,2439
b1459,2440
b1460,2441
b1461,2442
b1462,2443
b1463,2444
b1464,2445
b1465,2446
b1466,2447
b1467,2448
b1468,2449
b1469,2450
b1470,2451
b1471,2452
b1472,2453
b1473,2454
a0218,2455
a0219,2456
a0220,2457
a0221,2458
a0222,2459
a0223,2460
a0224,2461
a0225,2462
a0226,2463
a0227,2464
a0228,2465
a0229,2466
a0230,2467
a0231,2468
a0232,2469
a0233,2470
a0234,2471
a0235,2472
a0236,2473
a0237,2474
a0238,2475
a0239,2476
a0240,2477
a0241,2478
a0242,2479
a0243,2480
a0244,2481
a0245,2482
a0246,2483
a0247,2484
a0248,2485
a0249,2486
a0250,2487
a0251,2488
a0252,2489
a0253,2490
a0254,2491
a0255,2492
a0256,2493
a0257,2494
a0258,2495
a0259,2496
a0260,2497
a0261,2498
a0262,2499
a0263,2500
a0264,2501
a0265,2502
a0266,2503
a0267,2504
a0268,2505
a0269,2506
a0270,2507
a0271,2508
a0272,2509
a0273,2510
a0274,2511
a0275,2512
a0276,2513
a0277,2514
a0278,2515
a0279,2516
a0280,2517
a0281,2518
a0282,2519
a0283,2520
a0284,2521
a0285,2522
a0286,2523
a0287,2524
a0288,2525
a0289,2526
a0290,2527
a0291,2528
a0292,2529
a0293,2530
a0294,2531
a0295,2532
a0296,2533
a0297,2534
a0298,2535
a0299,2536
a0300,2537
a0301,2538
a0302,2539
a0303,2540
a0304,2541
a0305,2542
a0306,2543
a0307,2544
a0308,2545
a0309,2546
a0310,2547
a0311,2548
a0312,2549
a0313,2550
a0314,2551
a0315,2552
a0316,2553
a0317,2554
a0318,2555
a0319,2556
a0320,2557
a0321,2558
a0322,2559
a0323,2560
a0324,2561
a0325,2562
a0326,2563
a0327,2564
a0328,2565
a0329,2566
a0330,2567
a0331,2568
a0332,2569
a0333,2570
a0334,2571
a0335,2572
a0336,2573
a0337,2574
a0338,2575
a0339,2576
a0340,2577
a0341,2578
a0342,2579
a0343,2580
a0344,2581
a0345,2582
a0346,2583
a0347,2584
a0348,2585
a0349,2586
a0350,2587
a0351,2588
a0352,2589
a0353,2590
a0354,2591
a0355,2592
a0356,2593
a0357,2594
a0358,2595
a0359,2596
a0360,2597
a0361,2598
a0362,2599
a0363,2600
a0364,2601
a0365,2602
a0366,2603
a0367,2604
a0368,2605
a0369,2606
a0370,2607
a0371,2608
a0372,2609
a0373,2610
a0374,2611
a0375,2612
a0376,2613
a0377,2614
a0378,2615
a0379,2616
a0380,2617
a0381,2618
a0382,2619
a0383,2620
a0384,2621
a0385,2622
a0386,2623
a0387,2624
a0388,2625
a0389,2626
a0390,2627
a0391,2628
a0392,2629
a0393,2630
a0394,2631
a0395,2632
a0396,2633
a0397,2634
a0398,2635
a0399,2636
a0400,2637
a0401,2638
a0402,2639
a0403,2640
a0404,2641
a0405,2642
a0406,2643
a0407,2644
a0408,2645
a0409,2646
a0410,2647
a0411,2648
a0412,2649
a0413,2650
a0414,2651
a0415,2652
a0416,2653
a0417,2654
a0418,2655
a0419,2656
a0420,2657
a0421,2658
a0422,2659
a0423,2660
a0424,2661
a0425,2662
a0426,2663
a0427,2664
a0428,2665
a0429,2666
a0430,2667
a0431,2668
a0432,2669
a0433,2670
a0434,2671
a0435,2672
a0436,2673
a0437,2674
a0438,2675
a0439,2676
a0440,2677
a0441,2678
a0442,2679
a0443,2680
a0444,2681
a0445,2682
a0446,2683
a0447,2684
a0448,2685
a0449,2686
a0450,2687
a0451,2688
a0452,2689
a0453,2690
a0454,2691
a0455,2692
a0456,2693
a0457,2694
a0458,2695
a0459,2696
a0460,2697
a0461,2698
a0462,2699
a0463,2700
a0464,2701
a0465,2702
a0466,2703
a0467,2704
a0468,2705
a0469,2706
a0470,2707
a0471,2708
a0472,2709
a0473,2710
a0474,2711
a0475,2712
a0476,2713
a0477,2714
a0478,2715
a0479,2716
a0480,2717
a0481,2718
a0482,2719
a0483,2720
a0484,2721
a0485,2722
a0486,2723
a0487,2724
a0488,2725
a0489,2726
a0490,2727
a0491,2728
a0492,2729
a0493,2730
a0494,2731
a0495,2732
a0496,2733
a0497,2734
a0498,2735
a0499,2736
a0500,2737
a0501,2738
a0502,2739
a0503,2740
a0504,2741
a0505,2742
a0506,2743
a0507,2744
a0508,2745
a0509,2746
a0510,2747
a0511,2748
a0512,2749
a0513,2750
a0514,2751
a0515,2752
a0516,2753
a0517,2754
a0518,2755
a0519,2756
a0520,2757
a0521,2758
a0522,2759
a0523,2760
a0524,2761
a0525,2762
a0526,2763
a0527,2764
a0528,2765
a0529,2766
a0530,2767
a0531,2768
a0532,2769
a0533,2770
a0534,2771
a0535,2772
a0536,2773
a0537,2774
a0538,2775
a0539,2776
a0540,2777
a0541,2778
a0542,2779
a0543,2780
a0544,2781
a0545,2782
a0546,2783
a0547,2784
a0548,2785
a0549,2786
a0550,2787
a0551,2788
a0552,2789
a0553,2790
a0554,2791
a0555,2792
a0556,2793
a0557,2794
a0558,2795
a0559,2796
a0560,2797
a0561,2798
a0562,2799
a0563,2800
a0564,2801
a0565,2802
a0566,2803
a0567,2804
a0568,2805
a0569,2806
a0570,2807
a0571,2808
a0572,2809
a0573,2810
a0574,2811
a0575,2812
a0576,2813
a0577,2814
a0578,2815
a0579,2816
a0580,2817
a0581,2818
a0582,2819
a0583,2820
a0584,2821
a0585,2822
a0586,2823
a0587,2824
a0588,2825
a0589,2826
a0590,2827
a0591,2828
a0592,2829
a0593,2830
a0594,2831
a0595,2832
a0596,2833
a0597,2834
a0598,2835
a0599,2836
a0600,2837
a0601,2838
a0602,2839
a0603,2840
a0604,2841
a0605,2842
a0606,2843
a0607,2844
a0608,2845
a0609,2846
a0610,2847
a0611,2848
a0612,2849
a0613,2850
a0614,2851
a0615,2852
a0616,2853
a0617,2854
a0618,2855
a0619,2856
a0620,2857
a0621,2858
a0622,2859
a0623,2860
a0624,2861
a0625,2862
a0626,2863
a0627,2864
a0628,2865
a0629,2866
a0630,2867
a0631,2868
a0632,2869
a0633,2870
a0634,2871
a0635,2872
a0636,2873
a0637,2874
a0638,2875
a0639,2876
a0640,2877
a0641,2878
a0642,2879
a0643,2880
a0644,2881
a0645,2882
a0646,2883
a0647,2884
a0648,2885
a0649,2886
a0650,2887
a0651,2888
a0652,2889
a0653,2890
a0654,2891
a0655,2892
a0656,2893
a0657,2894
a0658,2895
a0659,2896
a0660,2897
a0661,2898
a0662,2899
a0663,2900
a0664,2901
a0665,2902
a0666,2903
a0667,2904
a0668,2905
a0669,2906
a0670,2907
a0671,2908
a0672,2909
a0673,2910
a0674,2911
a0675,2913
a0676,2914
a0677,2915
a0678,2916
a0679,2917
a0680,2918
a0681,2919
a0682,2920
a0683,2921
a0684,2922
a0685,2923
a0686,2924
a0687,2925
a0688,2926
a0689,2927
a0690,2928
a0691,2929
a0692,2930
a0693,2931
a0695,2932
a0696,2933
a0697,2934
a0698,2935
a0699,2936
a0700,2937
a0701,2938
a0702,2939
a0703,2940
a0704,2941
a0705,2942
a0706,2943
a0707,2944
a0708,2945
a0709,2946
a0710,2947
a0711,2948
a0712,2949
a0713,2950
a0714,2951
a0715,2952
a0716,2953
a0717,2954
a0718,2955
a0719,2956
a0720,2957
a0721,2958
a0722,2959
a0723,2960
a0724,2961
a0725,2962
a0726,2963
a0727,2964
a0728,2965
a0729,2966
a0730,2967
a0731,2968
a0732,2969
a0733,2970
a0734,2971
a0735,2972
a0736,2973
a0737,2974
a0738,2975
a0739,2976
a0740,2977
a0741,2978
a0742,2979
a0743,2980
a0744,2981
a0745,2982
a0746,2983
a0747,2984
a0748,2985
a0749,2986
a0750,2987
a0751,2988
a0752,2989
a0753,2990
a0754,2991
a0755,2992
a0756,2993
a0757,2994
a0758,2995
a0759,2996
a0760,2997
a0761,2998
a0762,2999
a0763,3000
a0764,3001
a0765,3002
a0766,3003
a0767,3004
a0768,3005
a0769,3006
a0770,3007
a0771,3008
a0772,3009
a0773,3010
a0774,3011
a0775,3012
a0776,3013
a0777,3014
a0778,3015
a0779,3016
a0780,3017
a0781,3018
a0782,3019
a0783,3020
a0784,3021
a0785,3022
a0786,3023
a0787,3024
a0788,3025
a0789,3026
a0790,3027
a0791,3028
a0792,3029
a0793,3030
a0794,3031
a0795,3032
a0796,3033
a0797,3034
a0798,3035
a0799,3036
a0800,3037
a0801,3038
a0802,3039
a0803,3040
a0804,3041
a0805,3042
a0806,3043
a0807,3044
a0808,3045
a0809,3046
a0810,3047
a0811,3048
a0812,3049
a0813,3050
a0814,3051
a0815,3052
a0816,3053
a0817,3054
a0818,3055
a0819,3056
a0820,3057
a0821,3058
a0822,3059
a0823,3060
a0824,3061
a0825,3062
a0826,3063
a0827,3064
a0828,3065
a0829,3066
a0830,3067
a0831,3068
a0832,3069
a0833,3070
a0834,3071
a0835,3072
a0836,3073
a0837,3074
a0838,3075
a0839,3076
a0840,3077
a0841,3078
a0842,3079
a0843,3080
a0844,3081
a0845,3082
a0846,3083
a0847,3084
a0848,3085
a0849,3086
a0850,3087
a0851,3088
a0852,3089
a0853,3090
a0854,3091
a0855,3092
a0856,3093
a0857,3094
a0858,3095
a0859,3096
a0860,3097
a0861,3098
a0862,3099
a0863,3100
a0864,3101
a0865,3102
a0866,3103
a0867,3104
a0868,3105
a0869,3106
a0870,3107
a0871,3108
a0872,3109
a0873,3110
a0874,3111
a0875,3112
a0876,3113
d0195,3114
d0196,3115
d0197,3116
d0198,3117
d0199,3118
d0200,3119
d0201,3120
d0202,3121
d0203,3122
d0204,3123
d0205,3124
d0206,3125
d0207,3126
d0208,3127
d0209,3128
d0210,3129
d0211,3130
d0212,3131
d0213,3132
d0214,3133
d0215,3134
d0216,3135
d0217,3136
d0218,3137
d0219,3138
d0220,3139
d0221,3140
d0222,3141
d0223,3142
d0224,3143
d0225,3144
d0226,3145
d0227,3146
d0228,3147
d0229,3148
d0230,3149
d0231,3150
d0232,3151
d0233,3152
d0234,3153
d0235,3154
d0236,3155
d0237,3156
d0238,3157
d0239,3158
d0240,3159
d0241,3160
d0242,3161
d0243,3162
d0244,3163
d0245,3164
d0246,3165
d0247,3166
d0248,3167
d0249,3168
d0250,3169
d0251,3170
d0252,3171
d0253,3172
d0254,3173
d0255,3174
d0256,3175
d0257,3176
d0258,3177
d0259,3178
d0260,3179
d0261,3180
d0262,3181
d0263,3182
d0264,3183
d0265,3184
d0266,3185
d0267,3186
d0268,3187
d0269,3188
d0270,3189
d0271,3190
d0272,3191
d0273,3192
d0274,3193
d0275,3194
d0276,3195
d0277,3196
d0278,3197
d0279,3198
d0280,3199
d0281,3200
d0282,3201
d0283,3202
d0284,3203
d0285,3204
d0286,3205
d0287,3206
d0288,3207
d0289,3208
d0290,3209
d0291,3210
d0292,3211
d0293,3212
d0294,3213
d0295,3214
d0296,3215
d0297,3216
d0298,3217
d0299,3218
d0300,3219
d0301,3220
d0302,3221
d0303,3222
d0304,3223
d0305,3224
d0306,3225
d0307,3226
d0308,3227
d0309,3228
d0310,3229
d0311,3230
d0312,3231
d0313,3232
d0314,3233
d0315,3234
d0316,3235
d0317,3236
d0318,3237
d0319,3238
d0320,3239
d0321,3240
d0322,3241
d0323,3242
d0324,3243
d0325,3244
d0326,3245
d0327,3246
d0328,3247
d0329,3248
d0330,3249
d0331,3250
d0332,3251
d0333,3252
d0334,3253
d0335,3254
d0336,3255
d0337,3256
d0338,3257
d0339,3258
d0340,3259
d0341,3260
d0342,3261
d0343,3262
d0344,3263
d0345,3264
d0346,3265
d0347,3266
d0348,3267
d0349,3268
d0350,3269
d0351,3270
d0352,3271
d0353,3272
d0354,3273
d0355,3274
d0356,3275
d0357,3276
d0358,3277
d0359,3278
d0360,3279
d0361,3280
d0362,3281
d0363,3282
d0364,3283
d0365,3284
d0366,3285
d0367,3286
d0368,3287
d0369,3288
d0370,3289
d0371,3290
d0372,3291
d0373,3292
d0374,3293
d0375,3294
d0376,3295
d0377,3296
d0378,3297
d0379,3298
d0380,3299
d0381,3300
d0382,3301
d0383,3302
d0384,3303
d0385,3304
d0386,3305
d0387,3306
d0388,3307
d0389,3308
d0390,3309
d0391,3310
d0392,3311
d0393,3312
d0394,3313
d0395,3314
d0396,3315
d0397,3316
d0398,3317
d0399,3318
d0400,3319
d0401,3320
