"id","name","date","access","status","symptoms","interviewer","gender","semesters","course","levelstudy","enrolment","degree","university","college","type","typespecific","secondary","age","relashionshipstatus","marital","residence","affiliation","affiliationtype","position","yearactive","hoursweek","activebeforecampus","income","interestpol","voting","meeting","rally","doortodoor","donationcollection","leafletsposters","party","like","protests","protestabout","support","degreemother","degreefather","residenceguardian","admissioncategory","religion","practicing","question","segment"
"i2020010801q010001","abhishek","20200108","personal","self","","mehak","male","1","humanities","MA","fulltime","graduation","jmi","","public","central","private","22","undeclared","unmarried","otherrent","noaffiliation","na","na","2012","21","yes","na","alot","everytime","yes","yes","yes","yes","yes","aap","theirworkoneducationtheybreaktheresearchthatsaysthatspendingoneduandhealthwouldn’tbebeneficialforthecountry","manytimes","jamiapolicebrutalityjnufeehikeagainstautonomyofeducationalinstitutions","yes","postgraduate","postgraduate","urban","ur","hindu","na","q01","0001"
"i2020010801q010002","abhishek","20200108","personal","self","","mehak","male","1","humanities","MA","fulltime","graduation","jmi","","public","central","private","22","undeclared","unmarried","otherrent","noaffiliation","na","na","2012","21","yes","na","alot","everytime","yes","yes","yes","yes","yes","aap","theirworkoneducationtheybreaktheresearchthatsaysthatspendingoneduandhealthwouldn’tbebeneficialforthecountry","manytimes","jamiapolicebrutalityjnufeehikeagainstautonomyofeducationalinstitutions","yes","postgraduate","postgraduate","urban","ur","hindu","na","q01","0002"
"i2020010801q020001","abhishek","20200108","personal","self","","mehak","male","1","humanities","MA","fulltime","graduation","jmi","","public","central","private","22","undeclared","unmarried","otherrent","noaffiliation","na","na","2012","21","yes","na","alot","everytime","yes","yes","yes","yes","yes","aap","theirworkoneducationtheybreaktheresearchthatsaysthatspendingoneduandhealthwouldn’tbebeneficialforthecountry","manytimes","jamiapolicebrutalityjnufeehikeagainstautonomyofeducationalinstitutions","yes","postgraduate","postgraduate","urban","ur","hindu","na","q02","0001"
"i2020010801q030001","abhishek","20200108","personal","self","","mehak","male","1","humanities","MA","fulltime","graduation","jmi","","public","central","private","22","undeclared","unmarried","otherrent","noaffiliation","na","na","2012","21","yes","na","alot","everytime","yes","yes","yes","yes","yes","aap","theirworkoneducationtheybreaktheresearchthatsaysthatspendingoneduandhealthwouldn’tbebeneficialforthecountry","manytimes","jamiapolicebrutalityjnufeehikeagainstautonomyofeducationalinstitutions","yes","postgraduate","postgraduate","urban","ur","hindu","na","q03","0001"
"i2020010801q040001","abhishek","20200108","personal","self","","mehak","male","1","humanities","MA","fulltime","graduation","jmi","","public","central","private","22","undeclared","unmarried","otherrent","noaffiliation","na","na","2012","21","yes","na","alot","everytime","yes","yes","yes","yes","yes","aap","theirworkoneducationtheybreaktheresearchthatsaysthatspendingoneduandhealthwouldn’tbebeneficialforthecountry","manytimes","jamiapolicebrutalityjnufeehikeagainstautonomyofeducationalinstitutions","yes","postgraduate","postgraduate","urban","ur","hindu","na","q04","0001"
"i2020010801q050001","abhishek","20200108","personal","self","","mehak","male","1","humanities","MA","fulltime","graduation","jmi","","public","central","private","22","undeclared","unmarried","otherrent","noaffiliation","na","na","2012","21","yes","na","alot","everytime","yes","yes","yes","yes","yes","aap","theirworkoneducationtheybreaktheresearchthatsaysthatspendingoneduandhealthwouldn’tbebeneficialforthecountry","manytimes","jamiapolicebrutalityjnufeehikeagainstautonomyofeducationalinstitutions","yes","postgraduate","postgraduate","urban","ur","hindu","na","q05","0001"
"i2020010801q050002","abhishek","20200108","personal","self","","mehak","male","1","humanities","MA","fulltime","graduation","jmi","","public","central","private","22","undeclared","unmarried","otherrent","noaffiliation","na","na","2012","21","yes","na","alot","everytime","yes","yes","yes","yes","yes","aap","theirworkoneducationtheybreaktheresearchthatsaysthatspendingoneduandhealthwouldn’tbebeneficialforthecountry","manytimes","jamiapolicebrutalityjnufeehikeagainstautonomyofeducationalinstitutions","yes","postgraduate","postgraduate","urban","ur","hindu","na","q05","0002"
"i2020010801q060001","abhishek","20200108","personal","self","","mehak","male","1","humanities","MA","fulltime","graduation","jmi","","public","central","private","22","undeclared","unmarried","otherrent","noaffiliation","na","na","2012","21","yes","na","alot","everytime","yes","yes","yes","yes","yes","aap","theirworkoneducationtheybreaktheresearchthatsaysthatspendingoneduandhealthwouldn’tbebeneficialforthecountry","manytimes","jamiapolicebrutalityjnufeehikeagainstautonomyofeducationalinstitutions","yes","postgraduate","postgraduate","urban","ur","hindu","na","q06","0001"
"i2020010801q060002","abhishek","20200108","personal","self","","mehak","male","1","humanities","MA","fulltime","graduation","jmi","","public","central","private","22","undeclared","unmarried","otherrent","noaffiliation","na","na","2012","21","yes","na","alot","everytime","yes","yes","yes","yes","yes","aap","theirworkoneducationtheybreaktheresearchthatsaysthatspendingoneduandhealthwouldn’tbebeneficialforthecountry","manytimes","jamiapolicebrutalityjnufeehikeagainstautonomyofeducationalinstitutions","yes","postgraduate","postgraduate","urban","ur","hindu","na","q06","0002"
"i2020010801q060003","abhishek","20200108","personal","self","","mehak","male","1","humanities","MA","fulltime","graduation","jmi","","public","central","private","22","undeclared","unmarried","otherrent","noaffiliation","na","na","2012","21","yes","na","alot","everytime","yes","yes","yes","yes","yes","aap","theirworkoneducationtheybreaktheresearchthatsaysthatspendingoneduandhealthwouldn’tbebeneficialforthecountry","manytimes","jamiapolicebrutalityjnufeehikeagainstautonomyofeducationalinstitutions","yes","postgraduate","postgraduate","urban","ur","hindu","na","q06","0003"
"i2020010801q070001","abhishek","20200108","personal","self","","mehak","male","1","humanities","MA","fulltime","graduation","jmi","","public","central","private","22","undeclared","unmarried","otherrent","noaffiliation","na","na","2012","21","yes","na","alot","everytime","yes","yes","yes","yes","yes","aap","theirworkoneducationtheybreaktheresearchthatsaysthatspendingoneduandhealthwouldn’tbebeneficialforthecountry","manytimes","jamiapolicebrutalityjnufeehikeagainstautonomyofeducationalinstitutions","yes","postgraduate","postgraduate","urban","ur","hindu","na","q07","0001"
"i2020010801q070002","abhishek","20200108","personal","self","","mehak","male","1","humanities","MA","fulltime","graduation","jmi","","public","central","private","22","undeclared","unmarried","otherrent","noaffiliation","na","na","2012","21","yes","na","alot","everytime","yes","yes","yes","yes","yes","aap","theirworkoneducationtheybreaktheresearchthatsaysthatspendingoneduandhealthwouldn’tbebeneficialforthecountry","manytimes","jamiapolicebrutalityjnufeehikeagainstautonomyofeducationalinstitutions","yes","postgraduate","postgraduate","urban","ur","hindu","na","q07","0002"
"i2020010801q080001","abhishek","20200108","personal","self","","mehak","male","1","humanities","MA","fulltime","graduation","jmi","","public","central","private","22","undeclared","unmarried","otherrent","noaffiliation","na","na","2012","21","yes","na","alot","everytime","yes","yes","yes","yes","yes","aap","theirworkoneducationtheybreaktheresearchthatsaysthatspendingoneduandhealthwouldn’tbebeneficialforthecountry","manytimes","jamiapolicebrutalityjnufeehikeagainstautonomyofeducationalinstitutions","yes","postgraduate","postgraduate","urban","ur","hindu","na","q08","0001"
"i2020010801q080002","abhishek","20200108","personal","self","","mehak","male","1","humanities","MA","fulltime","graduation","jmi","","public","central","private","22","undeclared","unmarried","otherrent","noaffiliation","na","na","2012","21","yes","na","alot","everytime","yes","yes","yes","yes","yes","aap","theirworkoneducationtheybreaktheresearchthatsaysthatspendingoneduandhealthwouldn’tbebeneficialforthecountry","manytimes","jamiapolicebrutalityjnufeehikeagainstautonomyofeducationalinstitutions","yes","postgraduate","postgraduate","urban","ur","hindu","na","q08","0002"
"i2020010801q080003","abhishek","20200108","personal","self","","mehak","male","1","humanities","MA","fulltime","graduation","jmi","","public","central","private","22","undeclared","unmarried","otherrent","noaffiliation","na","na","2012","21","yes","na","alot","everytime","yes","yes","yes","yes","yes","aap","theirworkoneducationtheybreaktheresearchthatsaysthatspendingoneduandhealthwouldn’tbebeneficialforthecountry","manytimes","jamiapolicebrutalityjnufeehikeagainstautonomyofeducationalinstitutions","yes","postgraduate","postgraduate","urban","ur","hindu","na","q08","0003"
"i2020010801q080004","abhishek","20200108","personal","self","","mehak","male","1","humanities","MA","fulltime","graduation","jmi","","public","central","private","22","undeclared","unmarried","otherrent","noaffiliation","na","na","2012","21","yes","na","alot","everytime","yes","yes","yes","yes","yes","aap","theirworkoneducationtheybreaktheresearchthatsaysthatspendingoneduandhealthwouldn’tbebeneficialforthecountry","manytimes","jamiapolicebrutalityjnufeehikeagainstautonomyofeducationalinstitutions","yes","postgraduate","postgraduate","urban","ur","hindu","na","q08","0004"
"i2020010801q080005","abhishek","20200108","personal","self","","mehak","male","1","humanities","MA","fulltime","graduation","jmi","","public","central","private","22","undeclared","unmarried","otherrent","noaffiliation","na","na","2012","21","yes","na","alot","everytime","yes","yes","yes","yes","yes","aap","theirworkoneducationtheybreaktheresearchthatsaysthatspendingoneduandhealthwouldn’tbebeneficialforthecountry","manytimes","jamiapolicebrutalityjnufeehikeagainstautonomyofeducationalinstitutions","yes","postgraduate","postgraduate","urban","ur","hindu","na","q08","0005"
"i2020010801q080006","abhishek","20200108","personal","self","","mehak","male","1","humanities","MA","fulltime","graduation","jmi","","public","central","private","22","undeclared","unmarried","otherrent","noaffiliation","na","na","2012","21","yes","na","alot","everytime","yes","yes","yes","yes","yes","aap","theirworkoneducationtheybreaktheresearchthatsaysthatspendingoneduandhealthwouldn’tbebeneficialforthecountry","manytimes","jamiapolicebrutalityjnufeehikeagainstautonomyofeducationalinstitutions","yes","postgraduate","postgraduate","urban","ur","hindu","na","q08","0006"
"i2020010801q080007","abhishek","20200108","personal","self","","mehak","male","1","humanities","MA","fulltime","graduation","jmi","","public","central","private","22","undeclared","unmarried","otherrent","noaffiliation","na","na","2012","21","yes","na","alot","everytime","yes","yes","yes","yes","yes","aap","theirworkoneducationtheybreaktheresearchthatsaysthatspendingoneduandhealthwouldn’tbebeneficialforthecountry","manytimes","jamiapolicebrutalityjnufeehikeagainstautonomyofeducationalinstitutions","yes","postgraduate","postgraduate","urban","ur","hindu","na","q08","0007"
"i2020010801q080008","abhishek","20200108","personal","self","","mehak","male","1","humanities","MA","fulltime","graduation","jmi","","public","central","private","22","undeclared","unmarried","otherrent","noaffiliation","na","na","2012","21","yes","na","alot","everytime","yes","yes","yes","yes","yes","aap","theirworkoneducationtheybreaktheresearchthatsaysthatspendingoneduandhealthwouldn’tbebeneficialforthecountry","manytimes","jamiapolicebrutalityjnufeehikeagainstautonomyofeducationalinstitutions","yes","postgraduate","postgraduate","urban","ur","hindu","na","q08","0008"
"i2020010801q090001","abhishek","20200108","personal","self","","mehak","male","1","humanities","MA","fulltime","graduation","jmi","","public","central","private","22","undeclared","unmarried","otherrent","noaffiliation","na","na","2012","21","yes","na","alot","everytime","yes","yes","yes","yes","yes","aap","theirworkoneducationtheybreaktheresearchthatsaysthatspendingoneduandhealthwouldn’tbebeneficialforthecountry","manytimes","jamiapolicebrutalityjnufeehikeagainstautonomyofeducationalinstitutions","yes","postgraduate","postgraduate","urban","ur","hindu","na","q09","0001"
"i2020010801q090002","abhishek","20200108","personal","self","","mehak","male","1","humanities","MA","fulltime","graduation","jmi","","public","central","private","22","undeclared","unmarried","otherrent","noaffiliation","na","na","2012","21","yes","na","alot","everytime","yes","yes","yes","yes","yes","aap","theirworkoneducationtheybreaktheresearchthatsaysthatspendingoneduandhealthwouldn’tbebeneficialforthecountry","manytimes","jamiapolicebrutalityjnufeehikeagainstautonomyofeducationalinstitutions","yes","postgraduate","postgraduate","urban","ur","hindu","na","q09","0002"
"i2020010801q100001","abhishek","20200108","personal","self","","mehak","male","1","humanities","MA","fulltime","graduation","jmi","","public","central","private","22","undeclared","unmarried","otherrent","noaffiliation","na","na","2012","21","yes","na","alot","everytime","yes","yes","yes","yes","yes","aap","theirworkoneducationtheybreaktheresearchthatsaysthatspendingoneduandhealthwouldn’tbebeneficialforthecountry","manytimes","jamiapolicebrutalityjnufeehikeagainstautonomyofeducationalinstitutions","yes","postgraduate","postgraduate","urban","ur","hindu","na","q10","0001"
"i2020011201q010001","ananya","20200112","personal","self","8","mehak","female","2","humanities","MA","fulltime","graduation","du","stephens","public","central","private","22","undeclared","unmarried","otherrent","noaffiliation","na","na","na","07-Aug","no","na","alot","everytime","yes","yes","no","no","yes","aap","Thisapartythatfocusesongroundlevelworkerstheyunderstandthegroundrealitytheirideologyisnotabstractitscomesfromtheground","manytimes","antipolicebrutalityanticaa","na","postgraduate","graduate","urban","ur","hindu","atheist","q01","0001"
"i2020011201q010002","ananya","20200112","personal","self","8","mehak","female","2","humanities","MA","fulltime","graduation","du","stephens","public","central","private","22","undeclared","unmarried","otherrent","noaffiliation","na","na","na","07-Aug","no","na","alot","everytime","yes","yes","no","no","yes","aap","Thisapartythatfocusesongroundlevelworkerstheyunderstandthegroundrealitytheirideologyisnotabstractitscomesfromtheground","manytimes","antipolicebrutalityanticaa","na","postgraduate","graduate","urban","ur","hindu","atheist","q01","0002"
"i2020011201q010003","ananya","20200112","personal","self","8","mehak","female","2","humanities","MA","fulltime","graduation","du","stephens","public","central","private","22","undeclared","unmarried","otherrent","noaffiliation","na","na","na","07-Aug","no","na","alot","everytime","yes","yes","no","no","yes","aap","Thisapartythatfocusesongroundlevelworkerstheyunderstandthegroundrealitytheirideologyisnotabstractitscomesfromtheground","manytimes","antipolicebrutalityanticaa","na","postgraduate","graduate","urban","ur","hindu","atheist","q01","0003"
"i2020011201q010004","ananya","20200112","personal","self","8","mehak","female","2","humanities","MA","fulltime","graduation","du","stephens","public","central","private","22","undeclared","unmarried","otherrent","noaffiliation","na","na","na","07-Aug","no","na","alot","everytime","yes","yes","no","no","yes","aap","Thisapartythatfocusesongroundlevelworkerstheyunderstandthegroundrealitytheirideologyisnotabstractitscomesfromtheground","manytimes","antipolicebrutalityanticaa","na","postgraduate","graduate","urban","ur","hindu","atheist","q01","0004"
"i2020011201q010005","ananya","20200112","personal","self","8","mehak","female","2","humanities","MA","fulltime","graduation","du","stephens","public","central","private","22","undeclared","unmarried","otherrent","noaffiliation","na","na","na","07-Aug","no","na","alot","everytime","yes","yes","no","no","yes","aap","Thisapartythatfocusesongroundlevelworkerstheyunderstandthegroundrealitytheirideologyisnotabstractitscomesfromtheground","manytimes","antipolicebrutalityanticaa","na","postgraduate","graduate","urban","ur","hindu","atheist","q01","0005"
"i2020011201q010006","ananya","20200112","personal","self","8","mehak","female","2","humanities","MA","fulltime","graduation","du","stephens","public","central","private","22","undeclared","unmarried","otherrent","noaffiliation","na","na","na","07-Aug","no","na","alot","everytime","yes","yes","no","no","yes","aap","Thisapartythatfocusesongroundlevelworkerstheyunderstandthegroundrealitytheirideologyisnotabstractitscomesfromtheground","manytimes","antipolicebrutalityanticaa","na","postgraduate","graduate","urban","ur","hindu","atheist","q01","0006"
"i2020011201q010007","ananya","20200112","personal","self","8","mehak","female","2","humanities","MA","fulltime","graduation","du","stephens","public","central","private","22","undeclared","unmarried","otherrent","noaffiliation","na","na","na","07-Aug","no","na","alot","everytime","yes","yes","no","no","yes","aap","Thisapartythatfocusesongroundlevelworkerstheyunderstandthegroundrealitytheirideologyisnotabstractitscomesfromtheground","manytimes","antipolicebrutalityanticaa","na","postgraduate","graduate","urban","ur","hindu","atheist","q01","0007"
"i2020011201q010008","ananya","20200112","personal","self","8","mehak","female","2","humanities","MA","fulltime","graduation","du","stephens","public","central","private","22","undeclared","unmarried","otherrent","noaffiliation","na","na","na","07-Aug","no","na","alot","everytime","yes","yes","no","no","yes","aap","Thisapartythatfocusesongroundlevelworkerstheyunderstandthegroundrealitytheirideologyisnotabstractitscomesfromtheground","manytimes","antipolicebrutalityanticaa","na","postgraduate","graduate","urban","ur","hindu","atheist","q01","0008"
"i2020011201q010009","ananya","20200112","personal","self","8","mehak","female","2","humanities","MA","fulltime","graduation","du","stephens","public","central","private","22","undeclared","unmarried","otherrent","noaffiliation","na","na","na","07-Aug","no","na","alot","everytime","yes","yes","no","no","yes","aap","Thisapartythatfocusesongroundlevelworkerstheyunderstandthegroundrealitytheirideologyisnotabstractitscomesfromtheground","manytimes","antipolicebrutalityanticaa","na","postgraduate","graduate","urban","ur","hindu","atheist","q01","0009"
"i2020011201q010010","ananya","20200112","personal","self","8","mehak","female","2","humanities","MA","fulltime","graduation","du","stephens","public","central","private","22","undeclared","unmarried","otherrent","noaffiliation","na","na","na","07-Aug","no","na","alot","everytime","yes","yes","no","no","yes","aap","Thisapartythatfocusesongroundlevelworkerstheyunderstandthegroundrealitytheirideologyisnotabstractitscomesfromtheground","manytimes","antipolicebrutalityanticaa","na","postgraduate","graduate","urban","ur","hindu","atheist","q01","0010"
"i2020011201q010011","ananya","20200112","personal","self","8","mehak","female","2","humanities","MA","fulltime","graduation","du","stephens","public","central","private","22","undeclared","unmarried","otherrent","noaffiliation","na","na","na","07-Aug","no","na","alot","everytime","yes","yes","no","no","yes","aap","Thisapartythatfocusesongroundlevelworkerstheyunderstandthegroundrealitytheirideologyisnotabstractitscomesfromtheground","manytimes","antipolicebrutalityanticaa","na","postgraduate","graduate","urban","ur","hindu","atheist","q01","0011"
"i2020011201q020001","ananya","20200112","personal","self","8","mehak","female","2","humanities","MA","fulltime","graduation","du","stephens","public","central","private","22","undeclared","unmarried","otherrent","noaffiliation","na","na","na","07-Aug","no","na","alot","everytime","yes","yes","no","no","yes","aap","Thisapartythatfocusesongroundlevelworkerstheyunderstandthegroundrealitytheirideologyisnotabstractitscomesfromtheground","manytimes","antipolicebrutalityanticaa","na","postgraduate","graduate","urban","ur","hindu","atheist","q02","0001"
"i2020011201q020002","ananya","20200112","personal","self","8","mehak","female","2","humanities","MA","fulltime","graduation","du","stephens","public","central","private","22","undeclared","unmarried","otherrent","noaffiliation","na","na","na","07-Aug","no","na","alot","everytime","yes","yes","no","no","yes","aap","Thisapartythatfocusesongroundlevelworkerstheyunderstandthegroundrealitytheirideologyisnotabstractitscomesfromtheground","manytimes","antipolicebrutalityanticaa","na","postgraduate","graduate","urban","ur","hindu","atheist","q02","0002"
"i2020011201q020003","ananya","20200112","personal","self","8","mehak","female","2","humanities","MA","fulltime","graduation","du","stephens","public","central","private","22","undeclared","unmarried","otherrent","noaffiliation","na","na","na","07-Aug","no","na","alot","everytime","yes","yes","no","no","yes","aap","Thisapartythatfocusesongroundlevelworkerstheyunderstandthegroundrealitytheirideologyisnotabstractitscomesfromtheground","manytimes","antipolicebrutalityanticaa","na","postgraduate","graduate","urban","ur","hindu","atheist","q02","0003"
"i2020011201q020004","ananya","20200112","personal","self","8","mehak","female","2","humanities","MA","fulltime","graduation","du","stephens","public","central","private","22","undeclared","unmarried","otherrent","noaffiliation","na","na","na","07-Aug","no","na","alot","everytime","yes","yes","no","no","yes","aap","Thisapartythatfocusesongroundlevelworkerstheyunderstandthegroundrealitytheirideologyisnotabstractitscomesfromtheground","manytimes","antipolicebrutalityanticaa","na","postgraduate","graduate","urban","ur","hindu","atheist","q02","0004"
"i2020011201q020005","ananya","20200112","personal","self","8","mehak","female","2","humanities","MA","fulltime","graduation","du","stephens","public","central","private","22","undeclared","unmarried","otherrent","noaffiliation","na","na","na","07-Aug","no","na","alot","everytime","yes","yes","no","no","yes","aap","Thisapartythatfocusesongroundlevelworkerstheyunderstandthegroundrealitytheirideologyisnotabstractitscomesfromtheground","manytimes","antipolicebrutalityanticaa","na","postgraduate","graduate","urban","ur","hindu","atheist","q02","0005"
"i2020011201q030001","ananya","20200112","personal","self","8","mehak","female","2","humanities","MA","fulltime","graduation","du","stephens","public","central","private","22","undeclared","unmarried","otherrent","noaffiliation","na","na","na","07-Aug","no","na","alot","everytime","yes","yes","no","no","yes","aap","Thisapartythatfocusesongroundlevelworkerstheyunderstandthegroundrealitytheirideologyisnotabstractitscomesfromtheground","manytimes","antipolicebrutalityanticaa","na","postgraduate","graduate","urban","ur","hindu","atheist","q03","0001"
"i2020011201q030002","ananya","20200112","personal","self","8","mehak","female","2","humanities","MA","fulltime","graduation","du","stephens","public","central","private","22","undeclared","unmarried","otherrent","noaffiliation","na","na","na","07-Aug","no","na","alot","everytime","yes","yes","no","no","yes","aap","Thisapartythatfocusesongroundlevelworkerstheyunderstandthegroundrealitytheirideologyisnotabstractitscomesfromtheground","manytimes","antipolicebrutalityanticaa","na","postgraduate","graduate","urban","ur","hindu","atheist","q03","0002"
"i2020011201q040001","ananya","20200112","personal","self","8","mehak","female","2","humanities","MA","fulltime","graduation","du","stephens","public","central","private","22","undeclared","unmarried","otherrent","noaffiliation","na","na","na","07-Aug","no","na","alot","everytime","yes","yes","no","no","yes","aap","Thisapartythatfocusesongroundlevelworkerstheyunderstandthegroundrealitytheirideologyisnotabstractitscomesfromtheground","manytimes","antipolicebrutalityanticaa","na","postgraduate","graduate","urban","ur","hindu","atheist","q04","0001"
"i2020011201q040002","ananya","20200112","personal","self","8","mehak","female","2","humanities","MA","fulltime","graduation","du","stephens","public","central","private","22","undeclared","unmarried","otherrent","noaffiliation","na","na","na","07-Aug","no","na","alot","everytime","yes","yes","no","no","yes","aap","Thisapartythatfocusesongroundlevelworkerstheyunderstandthegroundrealitytheirideologyisnotabstractitscomesfromtheground","manytimes","antipolicebrutalityanticaa","na","postgraduate","graduate","urban","ur","hindu","atheist","q04","0002"
"i2020011201q040003","ananya","20200112","personal","self","8","mehak","female","2","humanities","MA","fulltime","graduation","du","stephens","public","central","private","22","undeclared","unmarried","otherrent","noaffiliation","na","na","na","07-Aug","no","na","alot","everytime","yes","yes","no","no","yes","aap","Thisapartythatfocusesongroundlevelworkerstheyunderstandthegroundrealitytheirideologyisnotabstractitscomesfromtheground","manytimes","antipolicebrutalityanticaa","na","postgraduate","graduate","urban","ur","hindu","atheist","q04","0003"
"i2020011201q050001","ananya","20200112","personal","self","8","mehak","female","2","humanities","MA","fulltime","graduation","du","stephens","public","central","private","22","undeclared","unmarried","otherrent","noaffiliation","na","na","na","07-Aug","no","na","alot","everytime","yes","yes","no","no","yes","aap","Thisapartythatfocusesongroundlevelworkerstheyunderstandthegroundrealitytheirideologyisnotabstractitscomesfromtheground","manytimes","antipolicebrutalityanticaa","na","postgraduate","graduate","urban","ur","hindu","atheist","q05","0001"
"i2020011201q050002","ananya","20200112","personal","self","8","mehak","female","2","humanities","MA","fulltime","graduation","du","stephens","public","central","private","22","undeclared","unmarried","otherrent","noaffiliation","na","na","na","07-Aug","no","na","alot","everytime","yes","yes","no","no","yes","aap","Thisapartythatfocusesongroundlevelworkerstheyunderstandthegroundrealitytheirideologyisnotabstractitscomesfromtheground","manytimes","antipolicebrutalityanticaa","na","postgraduate","graduate","urban","ur","hindu","atheist","q05","0002"
"i2020011201q050003","ananya","20200112","personal","self","8","mehak","female","2","humanities","MA","fulltime","graduation","du","stephens","public","central","private","22","undeclared","unmarried","otherrent","noaffiliation","na","na","na","07-Aug","no","na","alot","everytime","yes","yes","no","no","yes","aap","Thisapartythatfocusesongroundlevelworkerstheyunderstandthegroundrealitytheirideologyisnotabstractitscomesfromtheground","manytimes","antipolicebrutalityanticaa","na","postgraduate","graduate","urban","ur","hindu","atheist","q05","0003"
"i2020011201q060001","ananya","20200112","personal","self","8","mehak","female","2","humanities","MA","fulltime","graduation","du","stephens","public","central","private","22","undeclared","unmarried","otherrent","noaffiliation","na","na","na","07-Aug","no","na","alot","everytime","yes","yes","no","no","yes","aap","Thisapartythatfocusesongroundlevelworkerstheyunderstandthegroundrealitytheirideologyisnotabstractitscomesfromtheground","manytimes","antipolicebrutalityanticaa","na","postgraduate","graduate","urban","ur","hindu","atheist","q06","0001"
"i2020011201q060002","ananya","20200112","personal","self","8","mehak","female","2","humanities","MA","fulltime","graduation","du","stephens","public","central","private","22","undeclared","unmarried","otherrent","noaffiliation","na","na","na","07-Aug","no","na","alot","everytime","yes","yes","no","no","yes","aap","Thisapartythatfocusesongroundlevelworkerstheyunderstandthegroundrealitytheirideologyisnotabstractitscomesfromtheground","manytimes","antipolicebrutalityanticaa","na","postgraduate","graduate","urban","ur","hindu","atheist","q06","0002"
"i2020011201q060003","ananya","20200112","personal","self","8","mehak","female","2","humanities","MA","fulltime","graduation","du","stephens","public","central","private","22","undeclared","unmarried","otherrent","noaffiliation","na","na","na","07-Aug","no","na","alot","everytime","yes","yes","no","no","yes","aap","Thisapartythatfocusesongroundlevelworkerstheyunderstandthegroundrealitytheirideologyisnotabstractitscomesfromtheground","manytimes","antipolicebrutalityanticaa","na","postgraduate","graduate","urban","ur","hindu","atheist","q06","0003"
"i2020011201q060004","ananya","20200112","personal","self","8","mehak","female","2","humanities","MA","fulltime","graduation","du","stephens","public","central","private","22","undeclared","unmarried","otherrent","noaffiliation","na","na","na","07-Aug","no","na","alot","everytime","yes","yes","no","no","yes","aap","Thisapartythatfocusesongroundlevelworkerstheyunderstandthegroundrealitytheirideologyisnotabstractitscomesfromtheground","manytimes","antipolicebrutalityanticaa","na","postgraduate","graduate","urban","ur","hindu","atheist","q06","0004"
"i2020011201q060005","ananya","20200112","personal","self","8","mehak","female","2","humanities","MA","fulltime","graduation","du","stephens","public","central","private","22","undeclared","unmarried","otherrent","noaffiliation","na","na","na","07-Aug","no","na","alot","everytime","yes","yes","no","no","yes","aap","Thisapartythatfocusesongroundlevelworkerstheyunderstandthegroundrealitytheirideologyisnotabstractitscomesfromtheground","manytimes","antipolicebrutalityanticaa","na","postgraduate","graduate","urban","ur","hindu","atheist","q06","0005"
"i2020011201q070001","ananya","20200112","personal","self","8","mehak","female","2","humanities","MA","fulltime","graduation","du","stephens","public","central","private","22","undeclared","unmarried","otherrent","noaffiliation","na","na","na","07-Aug","no","na","alot","everytime","yes","yes","no","no","yes","aap","Thisapartythatfocusesongroundlevelworkerstheyunderstandthegroundrealitytheirideologyisnotabstractitscomesfromtheground","manytimes","antipolicebrutalityanticaa","na","postgraduate","graduate","urban","ur","hindu","atheist","q07","0001"
"i2020011201q070002","ananya","20200112","personal","self","8","mehak","female","2","humanities","MA","fulltime","graduation","du","stephens","public","central","private","22","undeclared","unmarried","otherrent","noaffiliation","na","na","na","07-Aug","no","na","alot","everytime","yes","yes","no","no","yes","aap","Thisapartythatfocusesongroundlevelworkerstheyunderstandthegroundrealitytheirideologyisnotabstractitscomesfromtheground","manytimes","antipolicebrutalityanticaa","na","postgraduate","graduate","urban","ur","hindu","atheist","q07","0002"
"i2020011201q070003","ananya","20200112","personal","self","8","mehak","female","2","humanities","MA","fulltime","graduation","du","stephens","public","central","private","22","undeclared","unmarried","otherrent","noaffiliation","na","na","na","07-Aug","no","na","alot","everytime","yes","yes","no","no","yes","aap","Thisapartythatfocusesongroundlevelworkerstheyunderstandthegroundrealitytheirideologyisnotabstractitscomesfromtheground","manytimes","antipolicebrutalityanticaa","na","postgraduate","graduate","urban","ur","hindu","atheist","q07","0003"
"i2020011201q080001","ananya","20200112","personal","self","8","mehak","female","2","humanities","MA","fulltime","graduation","du","stephens","public","central","private","22","undeclared","unmarried","otherrent","noaffiliation","na","na","na","07-Aug","no","na","alot","everytime","yes","yes","no","no","yes","aap","Thisapartythatfocusesongroundlevelworkerstheyunderstandthegroundrealitytheirideologyisnotabstractitscomesfromtheground","manytimes","antipolicebrutalityanticaa","na","postgraduate","graduate","urban","ur","hindu","atheist","q08","0001"
"i2020011201q080002","ananya","20200112","personal","self","8","mehak","female","2","humanities","MA","fulltime","graduation","du","stephens","public","central","private","22","undeclared","unmarried","otherrent","noaffiliation","na","na","na","07-Aug","no","na","alot","everytime","yes","yes","no","no","yes","aap","Thisapartythatfocusesongroundlevelworkerstheyunderstandthegroundrealitytheirideologyisnotabstractitscomesfromtheground","manytimes","antipolicebrutalityanticaa","na","postgraduate","graduate","urban","ur","hindu","atheist","q08","0002"
"i2020011201q090001","ananya","20200112","personal","self","8","mehak","female","2","humanities","MA","fulltime","graduation","du","stephens","public","central","private","22","undeclared","unmarried","otherrent","noaffiliation","na","na","na","07-Aug","no","na","alot","everytime","yes","yes","no","no","yes","aap","Thisapartythatfocusesongroundlevelworkerstheyunderstandthegroundrealitytheirideologyisnotabstractitscomesfromtheground","manytimes","antipolicebrutalityanticaa","na","postgraduate","graduate","urban","ur","hindu","atheist","q09","0001"
"i2020011201q090002","ananya","20200112","personal","self","8","mehak","female","2","humanities","MA","fulltime","graduation","du","stephens","public","central","private","22","undeclared","unmarried","otherrent","noaffiliation","na","na","na","07-Aug","no","na","alot","everytime","yes","yes","no","no","yes","aap","Thisapartythatfocusesongroundlevelworkerstheyunderstandthegroundrealitytheirideologyisnotabstractitscomesfromtheground","manytimes","antipolicebrutalityanticaa","na","postgraduate","graduate","urban","ur","hindu","atheist","q09","0002"
"i2020011201q090003","ananya","20200112","personal","self","8","mehak","female","2","humanities","MA","fulltime","graduation","du","stephens","public","central","private","22","undeclared","unmarried","otherrent","noaffiliation","na","na","na","07-Aug","no","na","alot","everytime","yes","yes","no","no","yes","aap","Thisapartythatfocusesongroundlevelworkerstheyunderstandthegroundrealitytheirideologyisnotabstractitscomesfromtheground","manytimes","antipolicebrutalityanticaa","na","postgraduate","graduate","urban","ur","hindu","atheist","q09","0003"
"i2020011201q090004","ananya","20200112","personal","self","8","mehak","female","2","humanities","MA","fulltime","graduation","du","stephens","public","central","private","22","undeclared","unmarried","otherrent","noaffiliation","na","na","na","07-Aug","no","na","alot","everytime","yes","yes","no","no","yes","aap","Thisapartythatfocusesongroundlevelworkerstheyunderstandthegroundrealitytheirideologyisnotabstractitscomesfromtheground","manytimes","antipolicebrutalityanticaa","na","postgraduate","graduate","urban","ur","hindu","atheist","q09","0004"
"i2020011201q100001","ananya","20200112","personal","self","8","mehak","female","2","humanities","MA","fulltime","graduation","du","stephens","public","central","private","22","undeclared","unmarried","otherrent","noaffiliation","na","na","na","07-Aug","no","na","alot","everytime","yes","yes","no","no","yes","aap","Thisapartythatfocusesongroundlevelworkerstheyunderstandthegroundrealitytheirideologyisnotabstractitscomesfromtheground","manytimes","antipolicebrutalityanticaa","na","postgraduate","graduate","urban","ur","hindu","atheist","q10","0001"
"i2020011202q010001","aashi","20200112","personal","self","6","mehak","female","1","humanities","MA","fulltime","graduation","hcu","","public","central","private","21","undeclared","unmarried","otherrent","affiliation","pinjiaratod","na","2017","03-Apr","yes","na","alot","everytime","yes","no","no","no","yes","noparty","na","afewtimes","feehikekisanmazdoormarchespinjiratodprotestsanticabantiafspa","yes","postgraduate","postgraduate","urban","ur","hindu","na","q01","0001"
"i2020011202q010002","aashi","20200112","personal","self","6","mehak","female","1","humanities","MA","fulltime","graduation","hcu","","public","central","private","21","undeclared","unmarried","otherrent","affiliation","pinjiaratod","na","2017","03-Apr","yes","na","alot","everytime","yes","no","no","no","yes","noparty","na","afewtimes","feehikekisanmazdoormarchespinjiratodprotestsanticabantiafspa","yes","postgraduate","postgraduate","urban","ur","hindu","na","q01","0002"
"i2020011202q010003","aashi","20200112","personal","self","6","mehak","female","1","humanities","MA","fulltime","graduation","hcu","","public","central","private","21","undeclared","unmarried","otherrent","affiliation","pinjiaratod","na","2017","03-Apr","yes","na","alot","everytime","yes","no","no","no","yes","noparty","na","afewtimes","feehikekisanmazdoormarchespinjiratodprotestsanticabantiafspa","yes","postgraduate","postgraduate","urban","ur","hindu","na","q01","0003"
"i2020011202q020001","aashi","20200112","personal","self","6","mehak","female","1","humanities","MA","fulltime","graduation","hcu","","public","central","private","21","undeclared","unmarried","otherrent","affiliation","pinjiaratod","na","2017","03-Apr","yes","na","alot","everytime","yes","no","no","no","yes","noparty","na","afewtimes","feehikekisanmazdoormarchespinjiratodprotestsanticabantiafspa","yes","postgraduate","postgraduate","urban","ur","hindu","na","q02","0001"
"i2020011202q020002","aashi","20200112","personal","self","6","mehak","female","1","humanities","MA","fulltime","graduation","hcu","","public","central","private","21","undeclared","unmarried","otherrent","affiliation","pinjiaratod","na","2017","03-Apr","yes","na","alot","everytime","yes","no","no","no","yes","noparty","na","afewtimes","feehikekisanmazdoormarchespinjiratodprotestsanticabantiafspa","yes","postgraduate","postgraduate","urban","ur","hindu","na","q02","0002"
"i2020011202q020003","aashi","20200112","personal","self","6","mehak","female","1","humanities","MA","fulltime","graduation","hcu","","public","central","private","21","undeclared","unmarried","otherrent","affiliation","pinjiaratod","na","2017","03-Apr","yes","na","alot","everytime","yes","no","no","no","yes","noparty","na","afewtimes","feehikekisanmazdoormarchespinjiratodprotestsanticabantiafspa","yes","postgraduate","postgraduate","urban","ur","hindu","na","q02","0003"
"i2020011202q030001","aashi","20200112","personal","self","6","mehak","female","1","humanities","MA","fulltime","graduation","hcu","","public","central","private","21","undeclared","unmarried","otherrent","affiliation","pinjiaratod","na","2017","03-Apr","yes","na","alot","everytime","yes","no","no","no","yes","noparty","na","afewtimes","feehikekisanmazdoormarchespinjiratodprotestsanticabantiafspa","yes","postgraduate","postgraduate","urban","ur","hindu","na","q03","0001"
"i2020011202q030002","aashi","20200112","personal","self","6","mehak","female","1","humanities","MA","fulltime","graduation","hcu","","public","central","private","21","undeclared","unmarried","otherrent","affiliation","pinjiaratod","na","2017","03-Apr","yes","na","alot","everytime","yes","no","no","no","yes","noparty","na","afewtimes","feehikekisanmazdoormarchespinjiratodprotestsanticabantiafspa","yes","postgraduate","postgraduate","urban","ur","hindu","na","q03","0002"
"i2020011202q030003","aashi","20200112","personal","self","6","mehak","female","1","humanities","MA","fulltime","graduation","hcu","","public","central","private","21","undeclared","unmarried","otherrent","affiliation","pinjiaratod","na","2017","03-Apr","yes","na","alot","everytime","yes","no","no","no","yes","noparty","na","afewtimes","feehikekisanmazdoormarchespinjiratodprotestsanticabantiafspa","yes","postgraduate","postgraduate","urban","ur","hindu","na","q03","0003"
"i2020011202q030004","aashi","20200112","personal","self","6","mehak","female","1","humanities","MA","fulltime","graduation","hcu","","public","central","private","21","undeclared","unmarried","otherrent","affiliation","pinjiaratod","na","2017","03-Apr","yes","na","alot","everytime","yes","no","no","no","yes","noparty","na","afewtimes","feehikekisanmazdoormarchespinjiratodprotestsanticabantiafspa","yes","postgraduate","postgraduate","urban","ur","hindu","na","q03","0004"
"i2020011202q040001","aashi","20200112","personal","self","6","mehak","female","1","humanities","MA","fulltime","graduation","hcu","","public","central","private","21","undeclared","unmarried","otherrent","affiliation","pinjiaratod","na","2017","03-Apr","yes","na","alot","everytime","yes","no","no","no","yes","noparty","na","afewtimes","feehikekisanmazdoormarchespinjiratodprotestsanticabantiafspa","yes","postgraduate","postgraduate","urban","ur","hindu","na","q04","0001"
"i2020011202q040002","aashi","20200112","personal","self","6","mehak","female","1","humanities","MA","fulltime","graduation","hcu","","public","central","private","21","undeclared","unmarried","otherrent","affiliation","pinjiaratod","na","2017","03-Apr","yes","na","alot","everytime","yes","no","no","no","yes","noparty","na","afewtimes","feehikekisanmazdoormarchespinjiratodprotestsanticabantiafspa","yes","postgraduate","postgraduate","urban","ur","hindu","na","q04","0002"
"i2020011202q040003","aashi","20200112","personal","self","6","mehak","female","1","humanities","MA","fulltime","graduation","hcu","","public","central","private","21","undeclared","unmarried","otherrent","affiliation","pinjiaratod","na","2017","03-Apr","yes","na","alot","everytime","yes","no","no","no","yes","noparty","na","afewtimes","feehikekisanmazdoormarchespinjiratodprotestsanticabantiafspa","yes","postgraduate","postgraduate","urban","ur","hindu","na","q04","0003"
"i2020011202q050001","aashi","20200112","personal","self","6","mehak","female","1","humanities","MA","fulltime","graduation","hcu","","public","central","private","21","undeclared","unmarried","otherrent","affiliation","pinjiaratod","na","2017","03-Apr","yes","na","alot","everytime","yes","no","no","no","yes","noparty","na","afewtimes","feehikekisanmazdoormarchespinjiratodprotestsanticabantiafspa","yes","postgraduate","postgraduate","urban","ur","hindu","na","q05","0001"
"i2020011202q050002","aashi","20200112","personal","self","6","mehak","female","1","humanities","MA","fulltime","graduation","hcu","","public","central","private","21","undeclared","unmarried","otherrent","affiliation","pinjiaratod","na","2017","03-Apr","yes","na","alot","everytime","yes","no","no","no","yes","noparty","na","afewtimes","feehikekisanmazdoormarchespinjiratodprotestsanticabantiafspa","yes","postgraduate","postgraduate","urban","ur","hindu","na","q05","0002"
"i2020011202q050003","aashi","20200112","personal","self","6","mehak","female","1","humanities","MA","fulltime","graduation","hcu","","public","central","private","21","undeclared","unmarried","otherrent","affiliation","pinjiaratod","na","2017","03-Apr","yes","na","alot","everytime","yes","no","no","no","yes","noparty","na","afewtimes","feehikekisanmazdoormarchespinjiratodprotestsanticabantiafspa","yes","postgraduate","postgraduate","urban","ur","hindu","na","q05","0003"
"i2020011202q050004","aashi","20200112","personal","self","6","mehak","female","1","humanities","MA","fulltime","graduation","hcu","","public","central","private","21","undeclared","unmarried","otherrent","affiliation","pinjiaratod","na","2017","03-Apr","yes","na","alot","everytime","yes","no","no","no","yes","noparty","na","afewtimes","feehikekisanmazdoormarchespinjiratodprotestsanticabantiafspa","yes","postgraduate","postgraduate","urban","ur","hindu","na","q05","0004"
"i2020011202q050005","aashi","20200112","personal","self","6","mehak","female","1","humanities","MA","fulltime","graduation","hcu","","public","central","private","21","undeclared","unmarried","otherrent","affiliation","pinjiaratod","na","2017","03-Apr","yes","na","alot","everytime","yes","no","no","no","yes","noparty","na","afewtimes","feehikekisanmazdoormarchespinjiratodprotestsanticabantiafspa","yes","postgraduate","postgraduate","urban","ur","hindu","na","q05","0005"
"i2020011202q050006","aashi","20200112","personal","self","6","mehak","female","1","humanities","MA","fulltime","graduation","hcu","","public","central","private","21","undeclared","unmarried","otherrent","affiliation","pinjiaratod","na","2017","03-Apr","yes","na","alot","everytime","yes","no","no","no","yes","noparty","na","afewtimes","feehikekisanmazdoormarchespinjiratodprotestsanticabantiafspa","yes","postgraduate","postgraduate","urban","ur","hindu","na","q05","0006"
"i2020011202q050007","aashi","20200112","personal","self","6","mehak","female","1","humanities","MA","fulltime","graduation","hcu","","public","central","private","21","undeclared","unmarried","otherrent","affiliation","pinjiaratod","na","2017","03-Apr","yes","na","alot","everytime","yes","no","no","no","yes","noparty","na","afewtimes","feehikekisanmazdoormarchespinjiratodprotestsanticabantiafspa","yes","postgraduate","postgraduate","urban","ur","hindu","na","q05","0007"
"i2020011202q060001","aashi","20200112","personal","self","6","mehak","female","1","humanities","MA","fulltime","graduation","hcu","","public","central","private","21","undeclared","unmarried","otherrent","affiliation","pinjiaratod","na","2017","03-Apr","yes","na","alot","everytime","yes","no","no","no","yes","noparty","na","afewtimes","feehikekisanmazdoormarchespinjiratodprotestsanticabantiafspa","yes","postgraduate","postgraduate","urban","ur","hindu","na","q06","0001"
"i2020011202q060002","aashi","20200112","personal","self","6","mehak","female","1","humanities","MA","fulltime","graduation","hcu","","public","central","private","21","undeclared","unmarried","otherrent","affiliation","pinjiaratod","na","2017","03-Apr","yes","na","alot","everytime","yes","no","no","no","yes","noparty","na","afewtimes","feehikekisanmazdoormarchespinjiratodprotestsanticabantiafspa","yes","postgraduate","postgraduate","urban","ur","hindu","na","q06","0002"
"i2020011202q070001","aashi","20200112","personal","self","6","mehak","female","1","humanities","MA","fulltime","graduation","hcu","","public","central","private","21","undeclared","unmarried","otherrent","affiliation","pinjiaratod","na","2017","03-Apr","yes","na","alot","everytime","yes","no","no","no","yes","noparty","na","afewtimes","feehikekisanmazdoormarchespinjiratodprotestsanticabantiafspa","yes","postgraduate","postgraduate","urban","ur","hindu","na","q07","0001"
"i2020011202q070002","aashi","20200112","personal","self","6","mehak","female","1","humanities","MA","fulltime","graduation","hcu","","public","central","private","21","undeclared","unmarried","otherrent","affiliation","pinjiaratod","na","2017","03-Apr","yes","na","alot","everytime","yes","no","no","no","yes","noparty","na","afewtimes","feehikekisanmazdoormarchespinjiratodprotestsanticabantiafspa","yes","postgraduate","postgraduate","urban","ur","hindu","na","q07","0002"
"i2020011202q070003","aashi","20200112","personal","self","6","mehak","female","1","humanities","MA","fulltime","graduation","hcu","","public","central","private","21","undeclared","unmarried","otherrent","affiliation","pinjiaratod","na","2017","03-Apr","yes","na","alot","everytime","yes","no","no","no","yes","noparty","na","afewtimes","feehikekisanmazdoormarchespinjiratodprotestsanticabantiafspa","yes","postgraduate","postgraduate","urban","ur","hindu","na","q07","0003"
"i2020011202q080001","aashi","20200112","personal","self","6","mehak","female","1","humanities","MA","fulltime","graduation","hcu","","public","central","private","21","undeclared","unmarried","otherrent","affiliation","pinjiaratod","na","2017","03-Apr","yes","na","alot","everytime","yes","no","no","no","yes","noparty","na","afewtimes","feehikekisanmazdoormarchespinjiratodprotestsanticabantiafspa","yes","postgraduate","postgraduate","urban","ur","hindu","na","q08","0001"
"i2020011202q080002","aashi","20200112","personal","self","6","mehak","female","1","humanities","MA","fulltime","graduation","hcu","","public","central","private","21","undeclared","unmarried","otherrent","affiliation","pinjiaratod","na","2017","03-Apr","yes","na","alot","everytime","yes","no","no","no","yes","noparty","na","afewtimes","feehikekisanmazdoormarchespinjiratodprotestsanticabantiafspa","yes","postgraduate","postgraduate","urban","ur","hindu","na","q08","0002"
"i2020011202q080003","aashi","20200112","personal","self","6","mehak","female","1","humanities","MA","fulltime","graduation","hcu","","public","central","private","21","undeclared","unmarried","otherrent","affiliation","pinjiaratod","na","2017","03-Apr","yes","na","alot","everytime","yes","no","no","no","yes","noparty","na","afewtimes","feehikekisanmazdoormarchespinjiratodprotestsanticabantiafspa","yes","postgraduate","postgraduate","urban","ur","hindu","na","q08","0003"
"i2020011202q080004","aashi","20200112","personal","self","6","mehak","female","1","humanities","MA","fulltime","graduation","hcu","","public","central","private","21","undeclared","unmarried","otherrent","affiliation","pinjiaratod","na","2017","03-Apr","yes","na","alot","everytime","yes","no","no","no","yes","noparty","na","afewtimes","feehikekisanmazdoormarchespinjiratodprotestsanticabantiafspa","yes","postgraduate","postgraduate","urban","ur","hindu","na","q08","0004"
"i2020011202q080005","aashi","20200112","personal","self","6","mehak","female","1","humanities","MA","fulltime","graduation","hcu","","public","central","private","21","undeclared","unmarried","otherrent","affiliation","pinjiaratod","na","2017","03-Apr","yes","na","alot","everytime","yes","no","no","no","yes","noparty","na","afewtimes","feehikekisanmazdoormarchespinjiratodprotestsanticabantiafspa","yes","postgraduate","postgraduate","urban","ur","hindu","na","q08","0005"
"i2020011202q080006","aashi","20200112","personal","self","6","mehak","female","1","humanities","MA","fulltime","graduation","hcu","","public","central","private","21","undeclared","unmarried","otherrent","affiliation","pinjiaratod","na","2017","03-Apr","yes","na","alot","everytime","yes","no","no","no","yes","noparty","na","afewtimes","feehikekisanmazdoormarchespinjiratodprotestsanticabantiafspa","yes","postgraduate","postgraduate","urban","ur","hindu","na","q08","0006"
"i2020011202q080007","aashi","20200112","personal","self","6","mehak","female","1","humanities","MA","fulltime","graduation","hcu","","public","central","private","21","undeclared","unmarried","otherrent","affiliation","pinjiaratod","na","2017","03-Apr","yes","na","alot","everytime","yes","no","no","no","yes","noparty","na","afewtimes","feehikekisanmazdoormarchespinjiratodprotestsanticabantiafspa","yes","postgraduate","postgraduate","urban","ur","hindu","na","q08","0007"
"i2020011202q080008","aashi","20200112","personal","self","6","mehak","female","1","humanities","MA","fulltime","graduation","hcu","","public","central","private","21","undeclared","unmarried","otherrent","affiliation","pinjiaratod","na","2017","03-Apr","yes","na","alot","everytime","yes","no","no","no","yes","noparty","na","afewtimes","feehikekisanmazdoormarchespinjiratodprotestsanticabantiafspa","yes","postgraduate","postgraduate","urban","ur","hindu","na","q08","0008"
"i2020011202q090001","aashi","20200112","personal","self","6","mehak","female","1","humanities","MA","fulltime","graduation","hcu","","public","central","private","21","undeclared","unmarried","otherrent","affiliation","pinjiaratod","na","2017","03-Apr","yes","na","alot","everytime","yes","no","no","no","yes","noparty","na","afewtimes","feehikekisanmazdoormarchespinjiratodprotestsanticabantiafspa","yes","postgraduate","postgraduate","urban","ur","hindu","na","q09","0001"
"i2020011202q090002","aashi","20200112","personal","self","6","mehak","female","1","humanities","MA","fulltime","graduation","hcu","","public","central","private","21","undeclared","unmarried","otherrent","affiliation","pinjiaratod","na","2017","03-Apr","yes","na","alot","everytime","yes","no","no","no","yes","noparty","na","afewtimes","feehikekisanmazdoormarchespinjiratodprotestsanticabantiafspa","yes","postgraduate","postgraduate","urban","ur","hindu","na","q09","0002"
"i2020011202q090003","aashi","20200112","personal","self","6","mehak","female","1","humanities","MA","fulltime","graduation","hcu","","public","central","private","21","undeclared","unmarried","otherrent","affiliation","pinjiaratod","na","2017","03-Apr","yes","na","alot","everytime","yes","no","no","no","yes","noparty","na","afewtimes","feehikekisanmazdoormarchespinjiratodprotestsanticabantiafspa","yes","postgraduate","postgraduate","urban","ur","hindu","na","q09","0003"
"i2020011202q090004","aashi","20200112","personal","self","6","mehak","female","1","humanities","MA","fulltime","graduation","hcu","","public","central","private","21","undeclared","unmarried","otherrent","affiliation","pinjiaratod","na","2017","03-Apr","yes","na","alot","everytime","yes","no","no","no","yes","noparty","na","afewtimes","feehikekisanmazdoormarchespinjiratodprotestsanticabantiafspa","yes","postgraduate","postgraduate","urban","ur","hindu","na","q09","0004"
"i2020011202q100001","aashi","20200112","personal","self","6","mehak","female","1","humanities","MA","fulltime","graduation","hcu","","public","central","private","21","undeclared","unmarried","otherrent","affiliation","pinjiaratod","na","2017","03-Apr","yes","na","alot","everytime","yes","no","no","no","yes","noparty","na","afewtimes","feehikekisanmazdoormarchespinjiratodprotestsanticabantiafspa","yes","postgraduate","postgraduate","urban","ur","hindu","na","q10","0001"
"i2020030601q010001","japish","20200306","personal","clinical","","mehak","male","1","humanities","BA","droppedout","highersecondary","amity","","private","","private","18","undeclared","unmarried","otherrent","noaffiliation","na","na","no","8","no","na","somewhat","justturned18","no","no","no","no","n","cantsay","na","afewtimes","antinrccaa","na","graduate","graduate","urban","ur","sikh","na","q01","0001"
"i2020030601q010002","japish","20200306","personal","clinical","","mehak","male","1","humanities","BA","droppedout","highersecondary","amity","","private","","private","18","undeclared","unmarried","otherrent","noaffiliation","na","na","no","8","no","na","somewhat","justturned18","no","no","no","no","n","cantsay","na","afewtimes","antinrccaa","na","graduate","graduate","urban","ur","sikh","na","q01","0002"
"i2020030601q010003","japish","20200306","personal","clinical","","mehak","male","1","humanities","BA","droppedout","highersecondary","amity","","private","","private","18","undeclared","unmarried","otherrent","noaffiliation","na","na","no","8","no","na","somewhat","justturned18","no","no","no","no","n","cantsay","na","afewtimes","antinrccaa","na","graduate","graduate","urban","ur","sikh","na","q01","0003"
"i2020030601q020001","japish","20200306","personal","clinical","","mehak","male","1","humanities","BA","droppedout","highersecondary","amity","","private","","private","18","undeclared","unmarried","otherrent","noaffiliation","na","na","no","8","no","na","somewhat","justturned18","no","no","no","no","n","cantsay","na","afewtimes","antinrccaa","na","graduate","graduate","urban","ur","sikh","na","q02","0001"
"i2020030601q020002","japish","20200306","personal","clinical","","mehak","male","1","humanities","BA","droppedout","highersecondary","amity","","private","","private","18","undeclared","unmarried","otherrent","noaffiliation","na","na","no","8","no","na","somewhat","justturned18","no","no","no","no","n","cantsay","na","afewtimes","antinrccaa","na","graduate","graduate","urban","ur","sikh","na","q02","0002"
"i2020030601q030001","japish","20200306","personal","clinical","","mehak","male","1","humanities","BA","droppedout","highersecondary","amity","","private","","private","18","undeclared","unmarried","otherrent","noaffiliation","na","na","no","8","no","na","somewhat","justturned18","no","no","no","no","n","cantsay","na","afewtimes","antinrccaa","na","graduate","graduate","urban","ur","sikh","na","q03","0001"
"i2020030601q040001","japish","20200306","personal","clinical","","mehak","male","1","humanities","BA","droppedout","highersecondary","amity","","private","","private","18","undeclared","unmarried","otherrent","noaffiliation","na","na","no","8","no","na","somewhat","justturned18","no","no","no","no","n","cantsay","na","afewtimes","antinrccaa","na","graduate","graduate","urban","ur","sikh","na","q04","0001"
"i2020030601q050001","japish","20200306","personal","clinical","","mehak","male","1","humanities","BA","droppedout","highersecondary","amity","","private","","private","18","undeclared","unmarried","otherrent","noaffiliation","na","na","no","8","no","na","somewhat","justturned18","no","no","no","no","n","cantsay","na","afewtimes","antinrccaa","na","graduate","graduate","urban","ur","sikh","na","q05","0001"
"i2020030601q060001","japish","20200306","personal","clinical","","mehak","male","1","humanities","BA","droppedout","highersecondary","amity","","private","","private","18","undeclared","unmarried","otherrent","noaffiliation","na","na","no","8","no","na","somewhat","justturned18","no","no","no","no","n","cantsay","na","afewtimes","antinrccaa","na","graduate","graduate","urban","ur","sikh","na","q06","0001"
"i2020030601q070001","japish","20200306","personal","clinical","","mehak","male","1","humanities","BA","droppedout","highersecondary","amity","","private","","private","18","undeclared","unmarried","otherrent","noaffiliation","na","na","no","8","no","na","somewhat","justturned18","no","no","no","no","n","cantsay","na","afewtimes","antinrccaa","na","graduate","graduate","urban","ur","sikh","na","q07","0001"
"i2020030601q070002","japish","20200306","personal","clinical","","mehak","male","1","humanities","BA","droppedout","highersecondary","amity","","private","","private","18","undeclared","unmarried","otherrent","noaffiliation","na","na","no","8","no","na","somewhat","justturned18","no","no","no","no","n","cantsay","na","afewtimes","antinrccaa","na","graduate","graduate","urban","ur","sikh","na","q07","0002"
"i2020030601q070003","japish","20200306","personal","clinical","","mehak","male","1","humanities","BA","droppedout","highersecondary","amity","","private","","private","18","undeclared","unmarried","otherrent","noaffiliation","na","na","no","8","no","na","somewhat","justturned18","no","no","no","no","n","cantsay","na","afewtimes","antinrccaa","na","graduate","graduate","urban","ur","sikh","na","q07","0003"
"i2020030601q080001","japish","20200306","personal","clinical","","mehak","male","1","humanities","BA","droppedout","highersecondary","amity","","private","","private","18","undeclared","unmarried","otherrent","noaffiliation","na","na","no","8","no","na","somewhat","justturned18","no","no","no","no","n","cantsay","na","afewtimes","antinrccaa","na","graduate","graduate","urban","ur","sikh","na","q08","0001"
"i2020030601q080002","japish","20200306","personal","clinical","","mehak","male","1","humanities","BA","droppedout","highersecondary","amity","","private","","private","18","undeclared","unmarried","otherrent","noaffiliation","na","na","no","8","no","na","somewhat","justturned18","no","no","no","no","n","cantsay","na","afewtimes","antinrccaa","na","graduate","graduate","urban","ur","sikh","na","q08","0002"
"i2020030601q090001","japish","20200306","personal","clinical","","mehak","male","1","humanities","BA","droppedout","highersecondary","amity","","private","","private","18","undeclared","unmarried","otherrent","noaffiliation","na","na","no","8","no","na","somewhat","justturned18","no","no","no","no","n","cantsay","na","afewtimes","antinrccaa","na","graduate","graduate","urban","ur","sikh","na","q09","0001"
"i2020030601q100001","japish","20200306","personal","clinical","","mehak","male","1","humanities","BA","droppedout","highersecondary","amity","","private","","private","18","undeclared","unmarried","otherrent","noaffiliation","na","na","no","8","no","na","somewhat","justturned18","no","no","no","no","n","cantsay","na","afewtimes","antinrccaa","na","graduate","graduate","urban","ur","sikh","na","q10","0001"
