id,name,date,access,status,symptoms,interviewer,gender,semesters,course,levelstudy,enrolment,degree,university,college,type,typespecific,secondary,age,relashionshipstatus,marital,residence,affiliation,affiliationtype,position,yearactive,hoursweek,activebeforecampus,income,interestpol,voting,meeting,rally,doortodoor,donationcollection,leafletsposters,party,like,protests,protestabout,support,degreemother,degreefather,residenceguardian,admissioncategory,religion,practicing,question,segment
i2020010801,abhishek,20200108,personal,self,,mehak,male,1,humanities,MA,fulltime,graduation,jmi,,public,central,private,22,undeclared,unmarried,otherrent,noaffiliation,na,na,2012,21,yes,na,alot,everytime,yes,yes,yes,yes,yes,aap,theirworkoneducationtheybreaktheresearchthatsaysthatspendingoneduandhealthwouldn’tbebeneficialforthecountry,manytimes,jamiapolicebrutalityjnufeehikeagainstautonomyofeducationalinstitutions,yes,postgraduate,postgraduate,urban,ur,hindu,na,,
i2020011201,ananya,20200112,personal,self,8,mehak,female,2,humanities,MA,fulltime,graduation,du,stephens,public,central,private,22,undeclared,unmarried,otherrent,noaffiliation,na,na,na,07-Aug,no,na,alot,everytime,yes,yes,no,no,yes,aap,Thisapartythatfocusesongroundlevelworkerstheyunderstandthegroundrealitytheirideologyisnotabstractitscomesfromtheground,manytimes,antipolicebrutalityanticaa,na,postgraduate,graduate,urban,ur,hindu,atheist,,
i2020030601,japish,20200306,personal,clinical,,mehak,male,1,humanities,BA,droppedout,highersecondary,amity,,private,,private,18,undeclared,unmarried,otherrent,noaffiliation,na,na,no,8,no,na,somewhat,justturned18,no,no,no,no,n,cantsay,na,afewtimes,antinrccaa,na,graduate,graduate,urban,ur,sikh,na,,
i2020011202,aashi,20200112,personal,self,6,mehak,female,1,humanities,MA,fulltime,graduation,hcu,,public,central,private,21,undeclared,unmarried,otherrent,affiliation,pinjiaratod,na,2017,03-Apr,yes,na,alot,everytime,yes,no,no,no,yes,noparty,na,afewtimes,feehikekisanmazdoormarchespinjiratodprotestsanticabantiafspa,yes,postgraduate,postgraduate,urban,ur,hindu,na,,
