id,name,date,access,status,symptoms,interviewer,gender,semesters,course,levelstudy,enrolment,degree,university,college,type,typespecific,secondary,age,relashionshipstatus,marital,residence,affiliation,affiliationtype,position,yearactive,hoursweek,activebeforecampus,income,interestpol,voting,meeting,rally,doortodoor,donationcollection,leafletsposters,party,like,protests,protestabout,support,degreemother,degreefather,residenceguardian,admissioncategory,religion,practicing,question,segment
i2020010801q01,abhishek,20200108,personal,self,,mehak,male,1,humanities,MA,fulltime,graduation,jmi,,public,central,private,22,undeclared,unmarried,otherrent,noaffiliation,na,na,2012,21,yes,na,alot,everytime,yes,yes,yes,yes,yes,aap,theirworkoneducationtheybreaktheresearchthatsaysthatspendingoneduandhealthwouldn’tbebeneficialforthecountry,manytimes,jamiapolicebrutalityjnufeehikeagainstautonomyofeducationalinstitutions,yes,postgraduate,postgraduate,urban,ur,hindu,na,q01,
i2020010801q02,abhishek,20200108,personal,self,,mehak,male,1,humanities,MA,fulltime,graduation,jmi,,public,central,private,22,undeclared,unmarried,otherrent,noaffiliation,na,na,2012,21,yes,na,alot,everytime,yes,yes,yes,yes,yes,aap,theirworkoneducationtheybreaktheresearchthatsaysthatspendingoneduandhealthwouldn’tbebeneficialforthecountry,manytimes,jamiapolicebrutalityjnufeehikeagainstautonomyofeducationalinstitutions,yes,postgraduate,postgraduate,urban,ur,hindu,na,q02,
i2020010801q03,abhishek,20200108,personal,self,,mehak,male,1,humanities,MA,fulltime,graduation,jmi,,public,central,private,22,undeclared,unmarried,otherrent,noaffiliation,na,na,2012,21,yes,na,alot,everytime,yes,yes,yes,yes,yes,aap,theirworkoneducationtheybreaktheresearchthatsaysthatspendingoneduandhealthwouldn’tbebeneficialforthecountry,manytimes,jamiapolicebrutalityjnufeehikeagainstautonomyofeducationalinstitutions,yes,postgraduate,postgraduate,urban,ur,hindu,na,q03,
i2020010801q04,abhishek,20200108,personal,self,,mehak,male,1,humanities,MA,fulltime,graduation,jmi,,public,central,private,22,undeclared,unmarried,otherrent,noaffiliation,na,na,2012,21,yes,na,alot,everytime,yes,yes,yes,yes,yes,aap,theirworkoneducationtheybreaktheresearchthatsaysthatspendingoneduandhealthwouldn’tbebeneficialforthecountry,manytimes,jamiapolicebrutalityjnufeehikeagainstautonomyofeducationalinstitutions,yes,postgraduate,postgraduate,urban,ur,hindu,na,q04,
i2020010801q05,abhishek,20200108,personal,self,,mehak,male,1,humanities,MA,fulltime,graduation,jmi,,public,central,private,22,undeclared,unmarried,otherrent,noaffiliation,na,na,2012,21,yes,na,alot,everytime,yes,yes,yes,yes,yes,aap,theirworkoneducationtheybreaktheresearchthatsaysthatspendingoneduandhealthwouldn’tbebeneficialforthecountry,manytimes,jamiapolicebrutalityjnufeehikeagainstautonomyofeducationalinstitutions,yes,postgraduate,postgraduate,urban,ur,hindu,na,q05,
i2020010801q06,abhishek,20200108,personal,self,,mehak,male,1,humanities,MA,fulltime,graduation,jmi,,public,central,private,22,undeclared,unmarried,otherrent,noaffiliation,na,na,2012,21,yes,na,alot,everytime,yes,yes,yes,yes,yes,aap,theirworkoneducationtheybreaktheresearchthatsaysthatspendingoneduandhealthwouldn’tbebeneficialforthecountry,manytimes,jamiapolicebrutalityjnufeehikeagainstautonomyofeducationalinstitutions,yes,postgraduate,postgraduate,urban,ur,hindu,na,q06,
i2020010801q07,abhishek,20200108,personal,self,,mehak,male,1,humanities,MA,fulltime,graduation,jmi,,public,central,private,22,undeclared,unmarried,otherrent,noaffiliation,na,na,2012,21,yes,na,alot,everytime,yes,yes,yes,yes,yes,aap,theirworkoneducationtheybreaktheresearchthatsaysthatspendingoneduandhealthwouldn’tbebeneficialforthecountry,manytimes,jamiapolicebrutalityjnufeehikeagainstautonomyofeducationalinstitutions,yes,postgraduate,postgraduate,urban,ur,hindu,na,q07,
i2020010801q08,abhishek,20200108,personal,self,,mehak,male,1,humanities,MA,fulltime,graduation,jmi,,public,central,private,22,undeclared,unmarried,otherrent,noaffiliation,na,na,2012,21,yes,na,alot,everytime,yes,yes,yes,yes,yes,aap,theirworkoneducationtheybreaktheresearchthatsaysthatspendingoneduandhealthwouldn’tbebeneficialforthecountry,manytimes,jamiapolicebrutalityjnufeehikeagainstautonomyofeducationalinstitutions,yes,postgraduate,postgraduate,urban,ur,hindu,na,q08,
i2020010801q09,abhishek,20200108,personal,self,,mehak,male,1,humanities,MA,fulltime,graduation,jmi,,public,central,private,22,undeclared,unmarried,otherrent,noaffiliation,na,na,2012,21,yes,na,alot,everytime,yes,yes,yes,yes,yes,aap,theirworkoneducationtheybreaktheresearchthatsaysthatspendingoneduandhealthwouldn’tbebeneficialforthecountry,manytimes,jamiapolicebrutalityjnufeehikeagainstautonomyofeducationalinstitutions,yes,postgraduate,postgraduate,urban,ur,hindu,na,q09,
i2020010801q10,abhishek,20200108,personal,self,,mehak,male,1,humanities,MA,fulltime,graduation,jmi,,public,central,private,22,undeclared,unmarried,otherrent,noaffiliation,na,na,2012,21,yes,na,alot,everytime,yes,yes,yes,yes,yes,aap,theirworkoneducationtheybreaktheresearchthatsaysthatspendingoneduandhealthwouldn’tbebeneficialforthecountry,manytimes,jamiapolicebrutalityjnufeehikeagainstautonomyofeducationalinstitutions,yes,postgraduate,postgraduate,urban,ur,hindu,na,q10,
i2020011201q01,ananya,20200112,personal,self,8,mehak,female,2,humanities,MA,fulltime,graduation,du,stephens,public,central,private,22,undeclared,unmarried,otherrent,noaffiliation,na,na,na,07-Aug,no,na,alot,everytime,yes,yes,no,no,yes,aap,Thisapartythatfocusesongroundlevelworkerstheyunderstandthegroundrealitytheirideologyisnotabstractitscomesfromtheground,manytimes,antipolicebrutalityanticaa,na,postgraduate,graduate,urban,ur,hindu,atheist,q01,
i2020011201q02,ananya,20200112,personal,self,8,mehak,female,2,humanities,MA,fulltime,graduation,du,stephens,public,central,private,22,undeclared,unmarried,otherrent,noaffiliation,na,na,na,07-Aug,no,na,alot,everytime,yes,yes,no,no,yes,aap,Thisapartythatfocusesongroundlevelworkerstheyunderstandthegroundrealitytheirideologyisnotabstractitscomesfromtheground,manytimes,antipolicebrutalityanticaa,na,postgraduate,graduate,urban,ur,hindu,atheist,q02,
i2020011201q03,ananya,20200112,personal,self,8,mehak,female,2,humanities,MA,fulltime,graduation,du,stephens,public,central,private,22,undeclared,unmarried,otherrent,noaffiliation,na,na,na,07-Aug,no,na,alot,everytime,yes,yes,no,no,yes,aap,Thisapartythatfocusesongroundlevelworkerstheyunderstandthegroundrealitytheirideologyisnotabstractitscomesfromtheground,manytimes,antipolicebrutalityanticaa,na,postgraduate,graduate,urban,ur,hindu,atheist,q03,
i2020011201q04,ananya,20200112,personal,self,8,mehak,female,2,humanities,MA,fulltime,graduation,du,stephens,public,central,private,22,undeclared,unmarried,otherrent,noaffiliation,na,na,na,07-Aug,no,na,alot,everytime,yes,yes,no,no,yes,aap,Thisapartythatfocusesongroundlevelworkerstheyunderstandthegroundrealitytheirideologyisnotabstractitscomesfromtheground,manytimes,antipolicebrutalityanticaa,na,postgraduate,graduate,urban,ur,hindu,atheist,q04,
i2020011201q05,ananya,20200112,personal,self,8,mehak,female,2,humanities,MA,fulltime,graduation,du,stephens,public,central,private,22,undeclared,unmarried,otherrent,noaffiliation,na,na,na,07-Aug,no,na,alot,everytime,yes,yes,no,no,yes,aap,Thisapartythatfocusesongroundlevelworkerstheyunderstandthegroundrealitytheirideologyisnotabstractitscomesfromtheground,manytimes,antipolicebrutalityanticaa,na,postgraduate,graduate,urban,ur,hindu,atheist,q05,
i2020011201q06,ananya,20200112,personal,self,8,mehak,female,2,humanities,MA,fulltime,graduation,du,stephens,public,central,private,22,undeclared,unmarried,otherrent,noaffiliation,na,na,na,07-Aug,no,na,alot,everytime,yes,yes,no,no,yes,aap,Thisapartythatfocusesongroundlevelworkerstheyunderstandthegroundrealitytheirideologyisnotabstractitscomesfromtheground,manytimes,antipolicebrutalityanticaa,na,postgraduate,graduate,urban,ur,hindu,atheist,q06,
i2020011201q07,ananya,20200112,personal,self,8,mehak,female,2,humanities,MA,fulltime,graduation,du,stephens,public,central,private,22,undeclared,unmarried,otherrent,noaffiliation,na,na,na,07-Aug,no,na,alot,everytime,yes,yes,no,no,yes,aap,Thisapartythatfocusesongroundlevelworkerstheyunderstandthegroundrealitytheirideologyisnotabstractitscomesfromtheground,manytimes,antipolicebrutalityanticaa,na,postgraduate,graduate,urban,ur,hindu,atheist,q07,
i2020011201q08,ananya,20200112,personal,self,8,mehak,female,2,humanities,MA,fulltime,graduation,du,stephens,public,central,private,22,undeclared,unmarried,otherrent,noaffiliation,na,na,na,07-Aug,no,na,alot,everytime,yes,yes,no,no,yes,aap,Thisapartythatfocusesongroundlevelworkerstheyunderstandthegroundrealitytheirideologyisnotabstractitscomesfromtheground,manytimes,antipolicebrutalityanticaa,na,postgraduate,graduate,urban,ur,hindu,atheist,q08,
i2020011201q09,ananya,20200112,personal,self,8,mehak,female,2,humanities,MA,fulltime,graduation,du,stephens,public,central,private,22,undeclared,unmarried,otherrent,noaffiliation,na,na,na,07-Aug,no,na,alot,everytime,yes,yes,no,no,yes,aap,Thisapartythatfocusesongroundlevelworkerstheyunderstandthegroundrealitytheirideologyisnotabstractitscomesfromtheground,manytimes,antipolicebrutalityanticaa,na,postgraduate,graduate,urban,ur,hindu,atheist,q09,
i2020011201q10,ananya,20200112,personal,self,8,mehak,female,2,humanities,MA,fulltime,graduation,du,stephens,public,central,private,22,undeclared,unmarried,otherrent,noaffiliation,na,na,na,07-Aug,no,na,alot,everytime,yes,yes,no,no,yes,aap,Thisapartythatfocusesongroundlevelworkerstheyunderstandthegroundrealitytheirideologyisnotabstractitscomesfromtheground,manytimes,antipolicebrutalityanticaa,na,postgraduate,graduate,urban,ur,hindu,atheist,q10,
i2020011202q01,aashi,20200112,personal,self,6,mehak,female,1,humanities,MA,fulltime,graduation,hcu,,public,central,private,21,undeclared,unmarried,otherrent,affiliation,pinjiaratod,na,2017,03-Apr,yes,na,alot,everytime,yes,no,no,no,yes,noparty,na,afewtimes,feehikekisanmazdoormarchespinjiratodprotestsanticabantiafspa,yes,postgraduate,postgraduate,urban,ur,hindu,na,q01,
i2020011202q02,aashi,20200112,personal,self,6,mehak,female,1,humanities,MA,fulltime,graduation,hcu,,public,central,private,21,undeclared,unmarried,otherrent,affiliation,pinjiaratod,na,2017,03-Apr,yes,na,alot,everytime,yes,no,no,no,yes,noparty,na,afewtimes,feehikekisanmazdoormarchespinjiratodprotestsanticabantiafspa,yes,postgraduate,postgraduate,urban,ur,hindu,na,q02,
i2020011202q03,aashi,20200112,personal,self,6,mehak,female,1,humanities,MA,fulltime,graduation,hcu,,public,central,private,21,undeclared,unmarried,otherrent,affiliation,pinjiaratod,na,2017,03-Apr,yes,na,alot,everytime,yes,no,no,no,yes,noparty,na,afewtimes,feehikekisanmazdoormarchespinjiratodprotestsanticabantiafspa,yes,postgraduate,postgraduate,urban,ur,hindu,na,q03,
i2020011202q04,aashi,20200112,personal,self,6,mehak,female,1,humanities,MA,fulltime,graduation,hcu,,public,central,private,21,undeclared,unmarried,otherrent,affiliation,pinjiaratod,na,2017,03-Apr,yes,na,alot,everytime,yes,no,no,no,yes,noparty,na,afewtimes,feehikekisanmazdoormarchespinjiratodprotestsanticabantiafspa,yes,postgraduate,postgraduate,urban,ur,hindu,na,q04,
i2020011202q05,aashi,20200112,personal,self,6,mehak,female,1,humanities,MA,fulltime,graduation,hcu,,public,central,private,21,undeclared,unmarried,otherrent,affiliation,pinjiaratod,na,2017,03-Apr,yes,na,alot,everytime,yes,no,no,no,yes,noparty,na,afewtimes,feehikekisanmazdoormarchespinjiratodprotestsanticabantiafspa,yes,postgraduate,postgraduate,urban,ur,hindu,na,q05,
i2020011202q06,aashi,20200112,personal,self,6,mehak,female,1,humanities,MA,fulltime,graduation,hcu,,public,central,private,21,undeclared,unmarried,otherrent,affiliation,pinjiaratod,na,2017,03-Apr,yes,na,alot,everytime,yes,no,no,no,yes,noparty,na,afewtimes,feehikekisanmazdoormarchespinjiratodprotestsanticabantiafspa,yes,postgraduate,postgraduate,urban,ur,hindu,na,q06,
i2020011202q07,aashi,20200112,personal,self,6,mehak,female,1,humanities,MA,fulltime,graduation,hcu,,public,central,private,21,undeclared,unmarried,otherrent,affiliation,pinjiaratod,na,2017,03-Apr,yes,na,alot,everytime,yes,no,no,no,yes,noparty,na,afewtimes,feehikekisanmazdoormarchespinjiratodprotestsanticabantiafspa,yes,postgraduate,postgraduate,urban,ur,hindu,na,q07,
i2020011202q08,aashi,20200112,personal,self,6,mehak,female,1,humanities,MA,fulltime,graduation,hcu,,public,central,private,21,undeclared,unmarried,otherrent,affiliation,pinjiaratod,na,2017,03-Apr,yes,na,alot,everytime,yes,no,no,no,yes,noparty,na,afewtimes,feehikekisanmazdoormarchespinjiratodprotestsanticabantiafspa,yes,postgraduate,postgraduate,urban,ur,hindu,na,q08,
i2020011202q09,aashi,20200112,personal,self,6,mehak,female,1,humanities,MA,fulltime,graduation,hcu,,public,central,private,21,undeclared,unmarried,otherrent,affiliation,pinjiaratod,na,2017,03-Apr,yes,na,alot,everytime,yes,no,no,no,yes,noparty,na,afewtimes,feehikekisanmazdoormarchespinjiratodprotestsanticabantiafspa,yes,postgraduate,postgraduate,urban,ur,hindu,na,q09,
i2020011202q10,aashi,20200112,personal,self,6,mehak,female,1,humanities,MA,fulltime,graduation,hcu,,public,central,private,21,undeclared,unmarried,otherrent,affiliation,pinjiaratod,na,2017,03-Apr,yes,na,alot,everytime,yes,no,no,no,yes,noparty,na,afewtimes,feehikekisanmazdoormarchespinjiratodprotestsanticabantiafspa,yes,postgraduate,postgraduate,urban,ur,hindu,na,q10,
i2020030601q01,japish,20200306,personal,clinical,,mehak,male,1,humanities,BA,droppedout,highersecondary,amity,,private,,private,18,undeclared,unmarried,otherrent,noaffiliation,na,na,no,8,no,na,somewhat,justturned18,no,no,no,no,n,cantsay,na,afewtimes,antinrccaa,na,graduate,graduate,urban,ur,sikh,na,q01,
i2020030601q02,japish,20200306,personal,clinical,,mehak,male,1,humanities,BA,droppedout,highersecondary,amity,,private,,private,18,undeclared,unmarried,otherrent,noaffiliation,na,na,no,8,no,na,somewhat,justturned18,no,no,no,no,n,cantsay,na,afewtimes,antinrccaa,na,graduate,graduate,urban,ur,sikh,na,q02,
i2020030601q03,japish,20200306,personal,clinical,,mehak,male,1,humanities,BA,droppedout,highersecondary,amity,,private,,private,18,undeclared,unmarried,otherrent,noaffiliation,na,na,no,8,no,na,somewhat,justturned18,no,no,no,no,n,cantsay,na,afewtimes,antinrccaa,na,graduate,graduate,urban,ur,sikh,na,q03,
i2020030601q04,japish,20200306,personal,clinical,,mehak,male,1,humanities,BA,droppedout,highersecondary,amity,,private,,private,18,undeclared,unmarried,otherrent,noaffiliation,na,na,no,8,no,na,somewhat,justturned18,no,no,no,no,n,cantsay,na,afewtimes,antinrccaa,na,graduate,graduate,urban,ur,sikh,na,q04,
i2020030601q05,japish,20200306,personal,clinical,,mehak,male,1,humanities,BA,droppedout,highersecondary,amity,,private,,private,18,undeclared,unmarried,otherrent,noaffiliation,na,na,no,8,no,na,somewhat,justturned18,no,no,no,no,n,cantsay,na,afewtimes,antinrccaa,na,graduate,graduate,urban,ur,sikh,na,q05,
i2020030601q06,japish,20200306,personal,clinical,,mehak,male,1,humanities,BA,droppedout,highersecondary,amity,,private,,private,18,undeclared,unmarried,otherrent,noaffiliation,na,na,no,8,no,na,somewhat,justturned18,no,no,no,no,n,cantsay,na,afewtimes,antinrccaa,na,graduate,graduate,urban,ur,sikh,na,q06,
i2020030601q07,japish,20200306,personal,clinical,,mehak,male,1,humanities,BA,droppedout,highersecondary,amity,,private,,private,18,undeclared,unmarried,otherrent,noaffiliation,na,na,no,8,no,na,somewhat,justturned18,no,no,no,no,n,cantsay,na,afewtimes,antinrccaa,na,graduate,graduate,urban,ur,sikh,na,q07,
i2020030601q08,japish,20200306,personal,clinical,,mehak,male,1,humanities,BA,droppedout,highersecondary,amity,,private,,private,18,undeclared,unmarried,otherrent,noaffiliation,na,na,no,8,no,na,somewhat,justturned18,no,no,no,no,n,cantsay,na,afewtimes,antinrccaa,na,graduate,graduate,urban,ur,sikh,na,q08,
i2020030601q09,japish,20200306,personal,clinical,,mehak,male,1,humanities,BA,droppedout,highersecondary,amity,,private,,private,18,undeclared,unmarried,otherrent,noaffiliation,na,na,no,8,no,na,somewhat,justturned18,no,no,no,no,n,cantsay,na,afewtimes,antinrccaa,na,graduate,graduate,urban,ur,sikh,na,q09,
i2020030601q10,japish,20200306,personal,clinical,,mehak,male,1,humanities,BA,droppedout,highersecondary,amity,,private,,private,18,undeclared,unmarried,otherrent,noaffiliation,na,na,no,8,no,na,somewhat,justturned18,no,no,no,no,n,cantsay,na,afewtimes,antinrccaa,na,graduate,graduate,urban,ur,sikh,na,q10,
